,win_rate,algo,step,scenario
0,0.004751461988304093,BPPO,400000.0,academy_corner
1,0.017162471395881007,BPPO,800000.0,academy_corner
2,0.03196066379840197,BPPO,1200000.0,academy_corner
3,0.18754956383822363,BPPO,1600000.0,academy_corner
4,0.6341669008148356,BPPO,2000000.0,academy_corner
5,0.5679519595448799,BPPO,2400000.0,academy_corner
6,0.5119088712461167,BPPO,2800000.0,academy_corner
7,0.6218171296296297,BPPO,3200000.0,academy_corner
8,0.5822368421052632,BPPO,3600000.0,academy_corner
9,0.613353115727003,BPPO,4000000.0,academy_corner
10,0.641909065235809,BPPO,4400000.0,academy_corner
11,0.6148905109489051,BPPO,4800000.0,academy_corner
12,0.6285387474978553,BPPO,5200000.0,academy_corner
13,0.6713211600429646,BPPO,5600000.0,academy_corner
14,0.6427340608845491,BPPO,6000000.0,academy_corner
15,0.6505160550458715,BPPO,6400000.0,academy_corner
16,0.6555435952637244,BPPO,6800000.0,academy_corner
17,0.7007814469372322,BPPO,7200000.0,academy_corner
18,0.6687565308254964,BPPO,7600000.0,academy_corner
19,0.67109375,BPPO,8000000.0,academy_corner
20,0.689707750952986,BPPO,8400000.0,academy_corner
21,0.7002772876228889,BPPO,8800000.0,academy_corner
22,0.6780500521376434,BPPO,9200000.0,academy_corner
23,0.6990682447746159,BPPO,9600000.0,academy_corner
24,0.6811369509043927,BPPO,10000000.0,academy_corner
25,0.7315802530389481,BPPO,10400000.0,academy_corner
26,0.7656286583938188,BPPO,10800000.0,academy_corner
27,0.7210246005579508,BPPO,11200000.0,academy_corner
28,0.7049353391396147,BPPO,11600000.0,academy_corner
29,0.7312874251497006,BPPO,12000000.0,academy_corner
30,0.7265063228365981,BPPO,12400000.0,academy_corner
31,0.7193852255825484,BPPO,12800000.0,academy_corner
32,0.7314019150503315,BPPO,13200000.0,academy_corner
33,0.7046761690422606,BPPO,13600000.0,academy_corner
34,0.7378303198887344,BPPO,14000000.0,academy_corner
35,0.7465900933237617,BPPO,14400000.0,academy_corner
36,0.7600377893245158,BPPO,14800000.0,academy_corner
37,0.7632671896631288,BPPO,15200000.0,academy_corner
38,0.7660395561987458,BPPO,15600000.0,academy_corner
39,0.7269882659713168,BPPO,16000000.0,academy_corner
40,0.7782559456398641,BPPO,16400000.0,academy_corner
41,0.7695797516714422,BPPO,16800000.0,academy_corner
42,0.7968999316161386,BPPO,17200000.0,academy_corner
43,0.7409367557554909,BPPO,17600000.0,academy_corner
44,0.7420239282153539,BPPO,18000000.0,academy_corner
45,0.7616003787878788,BPPO,18400000.0,academy_corner
46,0.7692679391157284,BPPO,18800000.0,academy_corner
47,0.7601296596434359,BPPO,19200000.0,academy_corner
48,0.7815599639314698,BPPO,19600000.0,academy_corner
49,0.7729330474148202,BPPO,20000000.0,academy_corner
0,0.0019372336303758234,BPPO,400000.0,academy_corner
1,0.0211307824100514,BPPO,800000.0,academy_corner
2,0.17387346381429222,BPPO,1200000.0,academy_corner
3,0.5099614395886889,BPPO,1600000.0,academy_corner
4,0.6216216216216216,BPPO,2000000.0,academy_corner
5,0.6633769005068018,BPPO,2400000.0,academy_corner
6,0.6918316831683168,BPPO,2800000.0,academy_corner
7,0.7049576783555018,BPPO,3200000.0,academy_corner
8,0.6076746849942726,BPPO,3600000.0,academy_corner
9,0.6441368078175895,BPPO,4000000.0,academy_corner
10,0.6686108165429481,BPPO,4400000.0,academy_corner
11,0.6670320635790628,BPPO,4800000.0,academy_corner
12,0.6812873085907085,BPPO,5200000.0,academy_corner
13,0.7265316205533597,BPPO,5600000.0,academy_corner
14,0.7234664070107109,BPPO,6000000.0,academy_corner
15,0.7348484848484849,BPPO,6400000.0,academy_corner
16,0.7210986267166043,BPPO,6800000.0,academy_corner
17,0.7484633569739952,BPPO,7200000.0,academy_corner
18,0.7138132790638514,BPPO,7600000.0,academy_corner
19,0.7093521552810688,BPPO,8000000.0,academy_corner
20,0.7883622712341624,BPPO,8400000.0,academy_corner
21,0.8022227262417782,BPPO,8800000.0,academy_corner
22,0.6834733893557423,BPPO,9200000.0,academy_corner
23,0.8008344312692138,BPPO,9600000.0,academy_corner
24,0.7722128581748133,BPPO,10000000.0,academy_corner
25,0.7998613357984747,BPPO,10400000.0,academy_corner
26,0.8085153811859117,BPPO,10800000.0,academy_corner
27,0.7008750994431185,BPPO,11200000.0,academy_corner
28,0.8149293286219081,BPPO,11600000.0,academy_corner
29,0.799682755495128,BPPO,12000000.0,academy_corner
30,0.7906818181818182,BPPO,12400000.0,academy_corner
31,0.7881023749135347,BPPO,12800000.0,academy_corner
32,0.8031586175326162,BPPO,13200000.0,academy_corner
33,0.8033868484715196,BPPO,13600000.0,academy_corner
34,0.8066016836508639,BPPO,14000000.0,academy_corner
35,0.8011441647597254,BPPO,14400000.0,academy_corner
36,0.7976825028968714,BPPO,14800000.0,academy_corner
37,0.8058492688413949,BPPO,15200000.0,academy_corner
38,0.7965013286093888,BPPO,15600000.0,academy_corner
39,0.7836538461538461,BPPO,16000000.0,academy_corner
40,0.8044170736886812,BPPO,16400000.0,academy_corner
41,0.7838026530137305,BPPO,16800000.0,academy_corner
42,0.7873510540788268,BPPO,17200000.0,academy_corner
43,0.7907553551296506,BPPO,17600000.0,academy_corner
44,0.7986445124617403,BPPO,18000000.0,academy_corner
45,0.8018826619964974,BPPO,18400000.0,academy_corner
46,0.8129237288135593,BPPO,18800000.0,academy_corner
47,0.7193378480060195,BPPO,19200000.0,academy_corner
48,0.7258751182592242,BPPO,19600000.0,academy_corner
49,0.7801117318435754,BPPO,20000000.0,academy_corner
0,0.009607993850883935,BPPO,400000.0,academy_corner
1,0.04963235294117647,BPPO,800000.0,academy_corner
2,0.19623059866962306,BPPO,1200000.0,academy_corner
3,0.3187732342007435,BPPO,1600000.0,academy_corner
4,0.3317223198594025,BPPO,2000000.0,academy_corner
5,0.44617847138855543,BPPO,2400000.0,academy_corner
6,0.5381968341362698,BPPO,2800000.0,academy_corner
7,0.576534052596089,BPPO,3200000.0,academy_corner
8,0.6003134796238244,BPPO,3600000.0,academy_corner
9,0.5806451612903226,BPPO,4000000.0,academy_corner
10,0.5599337748344371,BPPO,4400000.0,academy_corner
11,0.569183464297916,BPPO,4800000.0,academy_corner
12,0.56194081211287,BPPO,5200000.0,academy_corner
13,0.5906017579445572,BPPO,5600000.0,academy_corner
14,0.6038754764930114,BPPO,6000000.0,academy_corner
15,0.5985221674876847,BPPO,6400000.0,academy_corner
16,0.6161434977578475,BPPO,6800000.0,academy_corner
17,0.665807560137457,BPPO,7200000.0,academy_corner
18,0.623342175066313,BPPO,7600000.0,academy_corner
19,0.6322804984062591,BPPO,8000000.0,academy_corner
20,0.5915536374845869,BPPO,8400000.0,academy_corner
21,0.6527393469839513,BPPO,8800000.0,academy_corner
22,0.6603563474387528,BPPO,9200000.0,academy_corner
23,0.6319723979298447,BPPO,9600000.0,academy_corner
24,0.6050473186119874,BPPO,10000000.0,academy_corner
25,0.6795564401478533,BPPO,10400000.0,academy_corner
26,0.6763708309779537,BPPO,10800000.0,academy_corner
27,0.6859946476360392,BPPO,11200000.0,academy_corner
28,0.7135564378899603,BPPO,11600000.0,academy_corner
29,0.7130081300813008,BPPO,12000000.0,academy_corner
30,0.7140762463343109,BPPO,12400000.0,academy_corner
31,0.6710009071666163,BPPO,12800000.0,academy_corner
32,0.711830985915493,BPPO,13200000.0,academy_corner
33,0.7415078707539354,BPPO,13600000.0,academy_corner
34,0.7251674107142857,BPPO,14000000.0,academy_corner
35,0.6423190304618408,BPPO,14400000.0,academy_corner
36,0.7189922480620154,BPPO,14800000.0,academy_corner
37,0.6952380952380952,BPPO,15200000.0,academy_corner
38,0.7169711411172889,BPPO,15600000.0,academy_corner
39,0.7210994341147938,BPPO,16000000.0,academy_corner
40,0.7400156617071261,BPPO,16400000.0,academy_corner
41,0.7294589178356713,BPPO,16800000.0,academy_corner
42,0.7346529691806565,BPPO,17200000.0,academy_corner
43,0.6738828753816264,BPPO,17600000.0,academy_corner
44,0.6761536336004421,BPPO,18000000.0,academy_corner
45,0.7024926293218976,BPPO,18400000.0,academy_corner
46,0.7210357714895889,BPPO,18800000.0,academy_corner
47,0.7300710339384373,BPPO,19200000.0,academy_corner
48,0.7390380015944725,BPPO,19600000.0,academy_corner
49,0.696816976127321,BPPO,20000000.0,academy_corner
0,0.009380863039399626,BPPO,400000.0,academy_corner
1,0.04179728317659352,BPPO,800000.0,academy_corner
2,0.17372549019607844,BPPO,1200000.0,academy_corner
3,0.2960912052117264,BPPO,1600000.0,academy_corner
4,0.3474928137975088,BPPO,2000000.0,academy_corner
5,0.3518784055061658,BPPO,2400000.0,academy_corner
6,0.3908347927612376,BPPO,2800000.0,academy_corner
7,0.3657745336577453,BPPO,3200000.0,academy_corner
8,0.3978574987543597,BPPO,3600000.0,academy_corner
9,0.4348950847944812,BPPO,4000000.0,academy_corner
10,0.4105142200517093,BPPO,4400000.0,academy_corner
11,0.44872537659327927,BPPO,4800000.0,academy_corner
12,0.45479384003974166,BPPO,5200000.0,academy_corner
13,0.4882221671212497,BPPO,5600000.0,academy_corner
14,0.45136374607772145,BPPO,6000000.0,academy_corner
15,0.47585754861262836,BPPO,6400000.0,academy_corner
16,0.4888888888888889,BPPO,6800000.0,academy_corner
17,0.4745914483993732,BPPO,7200000.0,academy_corner
18,0.45924690181124883,BPPO,7600000.0,academy_corner
19,0.5076513639387891,BPPO,8000000.0,academy_corner
20,0.5022872827081427,BPPO,8400000.0,academy_corner
21,0.5131639722863741,BPPO,8800000.0,academy_corner
22,0.512826040094848,BPPO,9200000.0,academy_corner
23,0.5144129364893367,BPPO,9600000.0,academy_corner
24,0.5449748141041018,BPPO,10000000.0,academy_corner
25,0.5464190981432361,BPPO,10400000.0,academy_corner
26,0.5400863047921871,BPPO,10800000.0,academy_corner
27,0.5148849797023004,BPPO,11200000.0,academy_corner
28,0.5178912213740458,BPPO,11600000.0,academy_corner
29,0.6339473684210526,BPPO,12000000.0,academy_corner
30,0.6466072313026251,BPPO,12400000.0,academy_corner
31,0.6274673338893523,BPPO,12800000.0,academy_corner
32,0.6586102719033232,BPPO,13200000.0,academy_corner
33,0.6458490092801605,BPPO,13600000.0,academy_corner
34,0.660367314346553,BPPO,14000000.0,academy_corner
35,0.6850912778904665,BPPO,14400000.0,academy_corner
36,0.6779124934106484,BPPO,14800000.0,academy_corner
37,0.7413544668587896,BPPO,15200000.0,academy_corner
38,0.6550097141271163,BPPO,15600000.0,academy_corner
39,0.6894779550987287,BPPO,16000000.0,academy_corner
40,0.6753731343283582,BPPO,16400000.0,academy_corner
41,0.6902216427640157,BPPO,16800000.0,academy_corner
42,0.7096438783467637,BPPO,17200000.0,academy_corner
43,0.6788811188811189,BPPO,17600000.0,academy_corner
44,0.728300958937792,BPPO,18000000.0,academy_corner
45,0.7127739984882842,BPPO,18400000.0,academy_corner
46,0.668825910931174,BPPO,18800000.0,academy_corner
47,0.6375761090171064,BPPO,19200000.0,academy_corner
48,0.7296639064783244,BPPO,19600000.0,academy_corner
49,0.7037697401935813,BPPO,20000000.0,academy_corner
0,0.005871725383920506,BPPO,400000.0,academy_corner
1,0.030678466076696165,BPPO,800000.0,academy_corner
2,0.05995203836930456,BPPO,1200000.0,academy_corner
3,0.10474537037037036,BPPO,1600000.0,academy_corner
4,0.18867924528301888,BPPO,2000000.0,academy_corner
5,0.25627906976744186,BPPO,2400000.0,academy_corner
6,0.3867569601203913,BPPO,2800000.0,academy_corner
7,0.38537324744221296,BPPO,3200000.0,academy_corner
8,0.4224519940915805,BPPO,3600000.0,academy_corner
9,0.39486786671773266,BPPO,4000000.0,academy_corner
10,0.42091152815013405,BPPO,4400000.0,academy_corner
11,0.42840865932396505,BPPO,4800000.0,academy_corner
12,0.40134340890008396,BPPO,5200000.0,academy_corner
13,0.4098883572567783,BPPO,5600000.0,academy_corner
14,0.38297013720742534,BPPO,6000000.0,academy_corner
15,0.44026898734177217,BPPO,6400000.0,academy_corner
16,0.45095910242490045,BPPO,6800000.0,academy_corner
17,0.4731743666169896,BPPO,7200000.0,academy_corner
18,0.4738586156111929,BPPO,7600000.0,academy_corner
19,0.5105438401775805,BPPO,8000000.0,academy_corner
20,0.5250631085467004,BPPO,8400000.0,academy_corner
21,0.5423409860745201,BPPO,8800000.0,academy_corner
22,0.5127340823970038,BPPO,9200000.0,academy_corner
23,0.49014195583596215,BPPO,9600000.0,academy_corner
24,0.5209737827715356,BPPO,10000000.0,academy_corner
25,0.4443074393752569,BPPO,10400000.0,academy_corner
26,0.5233747260774287,BPPO,10800000.0,academy_corner
27,0.5388868411352746,BPPO,11200000.0,academy_corner
28,0.5031871016122985,BPPO,11600000.0,academy_corner
29,0.5525277877375403,BPPO,12000000.0,academy_corner
30,0.5714788732394366,BPPO,12400000.0,academy_corner
31,0.5198788337750851,BPPO,12800000.0,academy_corner
32,0.5286024619840695,BPPO,13200000.0,academy_corner
33,0.5472924187725632,BPPO,13600000.0,academy_corner
34,0.4778117827084927,BPPO,14000000.0,academy_corner
35,0.5084420567920184,BPPO,14400000.0,academy_corner
36,0.495970695970696,BPPO,14800000.0,academy_corner
37,0.5578441469275661,BPPO,15200000.0,academy_corner
38,0.5552745664739884,BPPO,15600000.0,academy_corner
39,0.5887850467289719,BPPO,16000000.0,academy_corner
40,0.5567263786441868,BPPO,16400000.0,academy_corner
41,0.5755217545100814,BPPO,16800000.0,academy_corner
42,0.6115229110512129,BPPO,17200000.0,academy_corner
43,0.5607705779334501,BPPO,17600000.0,academy_corner
44,0.6228419654714475,BPPO,18000000.0,academy_corner
45,0.620913016656385,BPPO,18400000.0,academy_corner
46,0.5739762219286658,BPPO,18800000.0,academy_corner
47,0.572305593451569,BPPO,19200000.0,academy_corner
48,0.5654635527246992,BPPO,19600000.0,academy_corner
49,0.4950258654994031,BPPO,20000000.0,academy_corner
0,0.010268948655256724,ARMAPPO,400000.0,academy_corner
1,0.020796197266785502,ARMAPPO,800000.0,academy_corner
2,0.05303933253873659,ARMAPPO,1200000.0,academy_corner
3,0.11891620672353237,ARMAPPO,1600000.0,academy_corner
4,0.18151969981238275,ARMAPPO,2000000.0,academy_corner
5,0.29809725158562367,ARMAPPO,2400000.0,academy_corner
6,0.3030556718292172,ARMAPPO,2800000.0,academy_corner
7,0.36602589250686546,ARMAPPO,3200000.0,academy_corner
8,0.36499802916830903,ARMAPPO,3600000.0,academy_corner
9,0.35567609453700116,ARMAPPO,4000000.0,academy_corner
10,0.399475851740921,ARMAPPO,4400000.0,academy_corner
11,0.4399859204505456,ARMAPPO,4800000.0,academy_corner
12,0.3366679492112351,ARMAPPO,5200000.0,academy_corner
13,0.4189765458422175,ARMAPPO,5600000.0,academy_corner
14,0.4388342934598441,ARMAPPO,6000000.0,academy_corner
15,0.39280245022970905,ARMAPPO,6400000.0,academy_corner
16,0.31717557251908396,ARMAPPO,6800000.0,academy_corner
17,0.47732616728249916,ARMAPPO,7200000.0,academy_corner
18,0.4898102600140548,ARMAPPO,7600000.0,academy_corner
19,0.4604469670095779,ARMAPPO,8000000.0,academy_corner
20,0.46994160082445896,ARMAPPO,8400000.0,academy_corner
21,0.5019077349982657,ARMAPPO,8800000.0,academy_corner
22,0.5181969949916527,ARMAPPO,9200000.0,academy_corner
23,0.4887640449438202,ARMAPPO,9600000.0,academy_corner
24,0.5212657366451174,ARMAPPO,10000000.0,academy_corner
25,0.5072026800670016,ARMAPPO,10400000.0,academy_corner
26,0.417910447761194,ARMAPPO,10800000.0,academy_corner
27,0.5472779369627507,ARMAPPO,11200000.0,academy_corner
28,0.5141868512110727,ARMAPPO,11600000.0,academy_corner
29,0.566031746031746,ARMAPPO,12000000.0,academy_corner
30,0.5632793017456359,ARMAPPO,12400000.0,academy_corner
31,0.526857510453522,ARMAPPO,12800000.0,academy_corner
32,0.5245793467502474,ARMAPPO,13200000.0,academy_corner
33,0.5319358008516214,ARMAPPO,13600000.0,academy_corner
34,0.5280390107976315,ARMAPPO,14000000.0,academy_corner
35,0.5552665799739922,ARMAPPO,14400000.0,academy_corner
36,0.5643370346178967,ARMAPPO,14800000.0,academy_corner
37,0.5645161290322581,ARMAPPO,15200000.0,academy_corner
38,0.5329224781057411,ARMAPPO,15600000.0,academy_corner
39,0.5484927916120577,ARMAPPO,16000000.0,academy_corner
40,0.5260898282694848,ARMAPPO,16400000.0,academy_corner
41,0.5289172831203766,ARMAPPO,16800000.0,academy_corner
42,0.5271844660194175,ARMAPPO,17200000.0,academy_corner
43,0.5727582997207571,ARMAPPO,17600000.0,academy_corner
44,0.5429586563307494,ARMAPPO,18000000.0,academy_corner
45,0.5672797676669894,ARMAPPO,18400000.0,academy_corner
46,0.5173648406731114,ARMAPPO,18800000.0,academy_corner
47,0.5389900377877018,ARMAPPO,19200000.0,academy_corner
48,0.5749758142534667,ARMAPPO,19600000.0,academy_corner
49,0.5771941063420885,ARMAPPO,20000000.0,academy_corner
0,0.008673469387755102,ARMAPPO,400000.0,academy_corner
1,0.02569710224166211,ARMAPPO,800000.0,academy_corner
2,0.0686436024162548,ARMAPPO,1200000.0,academy_corner
3,0.13253012048192772,ARMAPPO,1600000.0,academy_corner
4,0.3775918515823936,ARMAPPO,2000000.0,academy_corner
5,0.34494134897360706,ARMAPPO,2400000.0,academy_corner
6,0.31080114449213164,ARMAPPO,2800000.0,academy_corner
7,0.38038965186841267,ARMAPPO,3200000.0,academy_corner
8,0.3847463398025196,ARMAPPO,3600000.0,academy_corner
9,0.43226233852268964,ARMAPPO,4000000.0,academy_corner
10,0.4878594249201278,ARMAPPO,4400000.0,academy_corner
11,0.44674355495251017,ARMAPPO,4800000.0,academy_corner
12,0.46851471594798083,ARMAPPO,5200000.0,academy_corner
13,0.4591454272863568,ARMAPPO,5600000.0,academy_corner
14,0.45301893533404786,ARMAPPO,6000000.0,academy_corner
15,0.4939924476484724,ARMAPPO,6400000.0,academy_corner
16,0.5106789926681543,ARMAPPO,6800000.0,academy_corner
17,0.5403056637698531,ARMAPPO,7200000.0,academy_corner
18,0.5158371040723982,ARMAPPO,7600000.0,academy_corner
19,0.5264768901132537,ARMAPPO,8000000.0,academy_corner
20,0.5064808813998704,ARMAPPO,8400000.0,academy_corner
21,0.48482684755444483,ARMAPPO,8800000.0,academy_corner
22,0.5127688172043011,ARMAPPO,9200000.0,academy_corner
23,0.5704270235818993,ARMAPPO,9600000.0,academy_corner
24,0.5289808917197453,ARMAPPO,10000000.0,academy_corner
25,0.5502033156083829,ARMAPPO,10400000.0,academy_corner
26,0.5297181372549019,ARMAPPO,10800000.0,academy_corner
27,0.582209469153515,ARMAPPO,11200000.0,academy_corner
28,0.533050333535476,ARMAPPO,11600000.0,academy_corner
29,0.5706297822248382,ARMAPPO,12000000.0,academy_corner
30,0.5769230769230769,ARMAPPO,12400000.0,academy_corner
31,0.5477326968973747,ARMAPPO,12800000.0,academy_corner
32,0.587538765153651,ARMAPPO,13200000.0,academy_corner
33,0.5202384687794164,ARMAPPO,13600000.0,academy_corner
34,0.5169143218463484,ARMAPPO,14000000.0,academy_corner
35,0.5577812018489985,ARMAPPO,14400000.0,academy_corner
36,0.5790393013100437,ARMAPPO,14800000.0,academy_corner
37,0.5572834020945732,ARMAPPO,15200000.0,academy_corner
38,0.5537190082644629,ARMAPPO,15600000.0,academy_corner
39,0.5828276699029126,ARMAPPO,16000000.0,academy_corner
40,0.4943661971830986,ARMAPPO,16400000.0,academy_corner
41,0.5111411208642809,ARMAPPO,16800000.0,academy_corner
42,0.5436702649656526,ARMAPPO,17200000.0,academy_corner
43,0.5468519065917824,ARMAPPO,17600000.0,academy_corner
44,0.5595386533665836,ARMAPPO,18000000.0,academy_corner
45,0.548906439854192,ARMAPPO,18400000.0,academy_corner
46,0.5535168195718655,ARMAPPO,18800000.0,academy_corner
47,0.4530571333110591,ARMAPPO,19200000.0,academy_corner
48,0.5083853995396251,ARMAPPO,19600000.0,academy_corner
49,0.5054570259208732,ARMAPPO,20000000.0,academy_corner
0,0.0050435580009170105,ARMAPPO,400000.0,academy_corner
1,0.013960703205791106,ARMAPPO,800000.0,academy_corner
2,0.05452562704471101,ARMAPPO,1200000.0,academy_corner
3,0.0834186284544524,ARMAPPO,1600000.0,academy_corner
4,0.1674127126230976,ARMAPPO,2000000.0,academy_corner
5,0.23416856492027335,ARMAPPO,2400000.0,academy_corner
6,0.21026339691189827,ARMAPPO,2800000.0,academy_corner
7,0.2201312910284464,ARMAPPO,3200000.0,academy_corner
8,0.24531377343113284,ARMAPPO,3600000.0,academy_corner
9,0.2824905975762641,ARMAPPO,4000000.0,academy_corner
10,0.3202774377804978,ARMAPPO,4400000.0,academy_corner
11,0.3148069579974544,ARMAPPO,4800000.0,academy_corner
12,0.27910685805422647,ARMAPPO,5200000.0,academy_corner
13,0.33500627352572143,ARMAPPO,5600000.0,academy_corner
14,0.3684210526315789,ARMAPPO,6000000.0,academy_corner
15,0.31052865393158596,ARMAPPO,6400000.0,academy_corner
16,0.3194200351493849,ARMAPPO,6800000.0,academy_corner
17,0.34449339207048457,ARMAPPO,7200000.0,academy_corner
18,0.36168347216133273,ARMAPPO,7600000.0,academy_corner
19,0.31544214694236694,ARMAPPO,8000000.0,academy_corner
20,0.34573304157549234,ARMAPPO,8400000.0,academy_corner
21,0.3813062182244818,ARMAPPO,8800000.0,academy_corner
22,0.3611650485436893,ARMAPPO,9200000.0,academy_corner
23,0.36080360803608036,ARMAPPO,9600000.0,academy_corner
24,0.35495716034271724,ARMAPPO,10000000.0,academy_corner
25,0.37810337810337813,ARMAPPO,10400000.0,academy_corner
26,0.3883495145631068,ARMAPPO,10800000.0,academy_corner
27,0.3855328972681801,ARMAPPO,11200000.0,academy_corner
28,0.36878285483218765,ARMAPPO,11600000.0,academy_corner
29,0.4159938485198001,ARMAPPO,12000000.0,academy_corner
30,0.3746385790995456,ARMAPPO,12400000.0,academy_corner
31,0.4,ARMAPPO,12800000.0,academy_corner
32,0.3392375818251829,ARMAPPO,13200000.0,academy_corner
33,0.35397867104183756,ARMAPPO,13600000.0,academy_corner
34,0.3672064777327935,ARMAPPO,14000000.0,academy_corner
35,0.3442684766214178,ARMAPPO,14400000.0,academy_corner
36,0.2900763358778626,ARMAPPO,14800000.0,academy_corner
37,0.34027055150884494,ARMAPPO,15200000.0,academy_corner
38,0.3825265643447462,ARMAPPO,15600000.0,academy_corner
39,0.391304347826087,ARMAPPO,16000000.0,academy_corner
40,0.38146167557932265,ARMAPPO,16400000.0,academy_corner
41,0.3904653802497162,ARMAPPO,16800000.0,academy_corner
42,0.4055166735282009,ARMAPPO,17200000.0,academy_corner
43,0.40827695980899326,ARMAPPO,17600000.0,academy_corner
44,0.4085315832649713,ARMAPPO,18000000.0,academy_corner
45,0.42857142857142855,ARMAPPO,18400000.0,academy_corner
46,0.4532947139753802,ARMAPPO,18800000.0,academy_corner
47,0.4623406720741599,ARMAPPO,19200000.0,academy_corner
48,0.42674680691209615,ARMAPPO,19600000.0,academy_corner
49,0.4255156608097785,ARMAPPO,20000000.0,academy_corner
0,0.007249660172179429,ARMAPPO,400000.0,academy_corner
1,0.009669211195928753,ARMAPPO,800000.0,academy_corner
2,0.02524955960070464,ARMAPPO,1200000.0,academy_corner
3,0.028554070473876064,ARMAPPO,1600000.0,academy_corner
4,0.05141536683997689,ARMAPPO,2000000.0,academy_corner
5,0.05577464788732395,ARMAPPO,2400000.0,academy_corner
6,0.07222491517207949,ARMAPPO,2800000.0,academy_corner
7,0.07661085743277524,ARMAPPO,3200000.0,academy_corner
8,0.12001967535661584,ARMAPPO,3600000.0,academy_corner
9,0.16780155642023345,ARMAPPO,4000000.0,academy_corner
10,0.14692164179104478,ARMAPPO,4400000.0,academy_corner
11,0.16948334138097537,ARMAPPO,4800000.0,academy_corner
12,0.18870588235294117,ARMAPPO,5200000.0,academy_corner
13,0.2227954971857411,ARMAPPO,5600000.0,academy_corner
14,0.255684084563223,ARMAPPO,6000000.0,academy_corner
15,0.19282720074522589,ARMAPPO,6400000.0,academy_corner
16,0.25974558883873616,ARMAPPO,6800000.0,academy_corner
17,0.24331983805668017,ARMAPPO,7200000.0,academy_corner
18,0.2527520915896081,ARMAPPO,7600000.0,academy_corner
19,0.22513812154696133,ARMAPPO,8000000.0,academy_corner
20,0.2595978062157221,ARMAPPO,8400000.0,academy_corner
21,0.28962472406181017,ARMAPPO,8800000.0,academy_corner
22,0.2995126273814798,ARMAPPO,9200000.0,academy_corner
23,0.35747368421052633,ARMAPPO,9600000.0,academy_corner
24,0.33088235294117646,ARMAPPO,10000000.0,academy_corner
25,0.3739870340356564,ARMAPPO,10400000.0,academy_corner
26,0.3324862346463363,ARMAPPO,10800000.0,academy_corner
27,0.2985468956406869,ARMAPPO,11200000.0,academy_corner
28,0.29742695159180116,ARMAPPO,11600000.0,academy_corner
29,0.321858150145168,ARMAPPO,12000000.0,academy_corner
30,0.3650343990287333,ARMAPPO,12400000.0,academy_corner
31,0.3266007735281478,ARMAPPO,12800000.0,academy_corner
32,0.3398387781077641,ARMAPPO,13200000.0,academy_corner
33,0.3198823034888609,ARMAPPO,13600000.0,academy_corner
34,0.3028720626631854,ARMAPPO,14000000.0,academy_corner
35,0.31343283582089554,ARMAPPO,14400000.0,academy_corner
36,0.2816067653276956,ARMAPPO,14800000.0,academy_corner
37,0.3408033826638478,ARMAPPO,15200000.0,academy_corner
38,0.3147340889276373,ARMAPPO,15600000.0,academy_corner
39,0.3402542372881356,ARMAPPO,16000000.0,academy_corner
40,0.3439569536423841,ARMAPPO,16400000.0,academy_corner
41,0.3399755998373323,ARMAPPO,16800000.0,academy_corner
42,0.3404771532551557,ARMAPPO,17200000.0,academy_corner
43,0.306438127090301,ARMAPPO,17600000.0,academy_corner
44,0.3767178658043654,ARMAPPO,18000000.0,academy_corner
45,0.35219594594594594,ARMAPPO,18400000.0,academy_corner
46,0.33654688869412797,ARMAPPO,18800000.0,academy_corner
47,0.3990208078335373,ARMAPPO,19200000.0,academy_corner
48,0.3793859649122807,ARMAPPO,19600000.0,academy_corner
49,0.2743699476937708,ARMAPPO,20000000.0,academy_corner
0,0.004338394793926247,ARMAPPO,400000.0,academy_corner
1,0.026455026455026454,ARMAPPO,800000.0,academy_corner
2,0.052692530399536766,ARMAPPO,1200000.0,academy_corner
3,0.16675012518778168,ARMAPPO,1600000.0,academy_corner
4,0.22270742358078602,ARMAPPO,2000000.0,academy_corner
5,0.25137362637362637,ARMAPPO,2400000.0,academy_corner
6,0.2870748299319728,ARMAPPO,2800000.0,academy_corner
7,0.3191677733510403,ARMAPPO,3200000.0,academy_corner
8,0.3142134120624209,ARMAPPO,3600000.0,academy_corner
9,0.30366726296958857,ARMAPPO,4000000.0,academy_corner
10,0.3350471293916024,ARMAPPO,4400000.0,academy_corner
11,0.313204146011717,ARMAPPO,4800000.0,academy_corner
12,0.25743494423791824,ARMAPPO,5200000.0,academy_corner
13,0.2502482621648461,ARMAPPO,5600000.0,academy_corner
14,0.2846371347785108,ARMAPPO,6000000.0,academy_corner
15,0.30653753026634384,ARMAPPO,6400000.0,academy_corner
16,0.32870577698163905,ARMAPPO,6800000.0,academy_corner
17,0.34359805510534847,ARMAPPO,7200000.0,academy_corner
18,0.34485738980121,ARMAPPO,7600000.0,academy_corner
19,0.2768361581920904,ARMAPPO,8000000.0,academy_corner
20,0.32861565678903143,ARMAPPO,8400000.0,academy_corner
21,0.28745890089243775,ARMAPPO,8800000.0,academy_corner
22,0.34168987929433614,ARMAPPO,9200000.0,academy_corner
23,0.34907325684024715,ARMAPPO,9600000.0,academy_corner
24,0.3471915081822203,ARMAPPO,10000000.0,academy_corner
25,0.3512911843276937,ARMAPPO,10400000.0,academy_corner
26,0.366120218579235,ARMAPPO,10800000.0,academy_corner
27,0.3638325420802762,ARMAPPO,11200000.0,academy_corner
28,0.3611111111111111,ARMAPPO,11600000.0,academy_corner
29,0.3655030800821355,ARMAPPO,12000000.0,academy_corner
30,0.34518201284796574,ARMAPPO,12400000.0,academy_corner
31,0.3594570928196147,ARMAPPO,12800000.0,academy_corner
32,0.3764404609475032,ARMAPPO,13200000.0,academy_corner
33,0.3730460498521335,ARMAPPO,13600000.0,academy_corner
34,0.3511608623548922,ARMAPPO,14000000.0,academy_corner
35,0.34615384615384615,ARMAPPO,14400000.0,academy_corner
36,0.34024179620034545,ARMAPPO,14800000.0,academy_corner
37,0.39869848156182214,ARMAPPO,15200000.0,academy_corner
38,0.3547426626967248,ARMAPPO,15600000.0,academy_corner
39,0.3212669683257919,ARMAPPO,16000000.0,academy_corner
40,0.36856010568031705,ARMAPPO,16400000.0,academy_corner
41,0.396481178396072,ARMAPPO,16800000.0,academy_corner
42,0.34191334191334194,ARMAPPO,17200000.0,academy_corner
43,0.3312043795620438,ARMAPPO,17600000.0,academy_corner
44,0.3645443196004994,ARMAPPO,18000000.0,academy_corner
45,0.40494845360824744,ARMAPPO,18400000.0,academy_corner
46,0.4219532554257095,ARMAPPO,18800000.0,academy_corner
47,0.4005006257822278,ARMAPPO,19200000.0,academy_corner
48,0.37494883340155544,ARMAPPO,19600000.0,academy_corner
49,0.33988533988533987,ARMAPPO,20000000.0,academy_corner
0,0.006344171292624901,HAPPO,400000.0,academy_corner
1,0.004633920296570899,HAPPO,800000.0,academy_corner
2,0.006845708267509215,HAPPO,1200000.0,academy_corner
3,0.0061864781263809105,HAPPO,1600000.0,academy_corner
4,0.01620491374803973,HAPPO,2000000.0,academy_corner
5,0.03117619272555503,HAPPO,2400000.0,academy_corner
6,0.034995206136145734,HAPPO,2800000.0,academy_corner
7,0.029979674796747968,HAPPO,3200000.0,academy_corner
8,0.03331542181622783,HAPPO,3600000.0,academy_corner
9,0.03383250138657792,HAPPO,4000000.0,academy_corner
10,0.03156708004509583,HAPPO,4400000.0,academy_corner
11,0.02,HAPPO,4800000.0,academy_corner
12,0.03402061855670103,HAPPO,5200000.0,academy_corner
13,0.04297057449789818,HAPPO,5600000.0,academy_corner
14,0.030098280098280097,HAPPO,6000000.0,academy_corner
15,0.07756232686980609,HAPPO,6400000.0,academy_corner
16,0.37973568281938325,HAPPO,6800000.0,academy_corner
17,0.515,HAPPO,7200000.0,academy_corner
18,0.5524924471299094,HAPPO,7600000.0,academy_corner
19,0.5616831367548614,HAPPO,8000000.0,academy_corner
20,0.6062075654704171,HAPPO,8400000.0,academy_corner
21,0.639928165219994,HAPPO,8800000.0,academy_corner
22,0.6663674446439258,HAPPO,9200000.0,academy_corner
23,0.6580062129341994,HAPPO,9600000.0,academy_corner
24,0.6649350649350649,HAPPO,10000000.0,academy_corner
25,0.6304675716440422,HAPPO,10400000.0,academy_corner
26,0.679042904290429,HAPPO,10800000.0,academy_corner
27,0.6635811397165172,HAPPO,11200000.0,academy_corner
28,0.6794387479762547,HAPPO,11600000.0,academy_corner
29,0.6590182979959338,HAPPO,12000000.0,academy_corner
30,0.7163434903047091,HAPPO,12400000.0,academy_corner
31,0.6741314958369222,HAPPO,12800000.0,academy_corner
32,0.5557110862262038,HAPPO,13200000.0,academy_corner
33,0.7124582869855395,HAPPO,13600000.0,academy_corner
34,0.710803324099723,HAPPO,14000000.0,academy_corner
35,0.714247598719317,HAPPO,14400000.0,academy_corner
36,0.686562860438293,HAPPO,14800000.0,academy_corner
37,0.7029126213592233,HAPPO,15200000.0,academy_corner
38,0.6759124087591241,HAPPO,15600000.0,academy_corner
39,0.6885536823425022,HAPPO,16000000.0,academy_corner
40,0.6879184861717613,HAPPO,16400000.0,academy_corner
41,0.6954570947840718,HAPPO,16800000.0,academy_corner
42,0.6795023696682464,HAPPO,17200000.0,academy_corner
43,0.6690482995141469,HAPPO,17600000.0,academy_corner
44,0.6776953793496863,HAPPO,18000000.0,academy_corner
45,0.7121046892039259,HAPPO,18400000.0,academy_corner
46,0.7247927253276277,HAPPO,18800000.0,academy_corner
47,0.7143236779165559,HAPPO,19200000.0,academy_corner
48,0.6867369589345172,HAPPO,19600000.0,academy_corner
49,0.718457300275482,HAPPO,20000000.0,academy_corner
0,0.00562429696287964,HAPPO,400000.0,academy_corner
1,0.012250453720508167,HAPPO,800000.0,academy_corner
2,0.009908536585365854,HAPPO,1200000.0,academy_corner
3,0.016611295681063124,HAPPO,1600000.0,academy_corner
4,0.010697911360163017,HAPPO,2000000.0,academy_corner
5,0.01647834274952919,HAPPO,2400000.0,academy_corner
6,0.030519790176442536,HAPPO,2800000.0,academy_corner
7,0.07766059443911794,HAPPO,3200000.0,academy_corner
8,0.08445297504798464,HAPPO,3600000.0,academy_corner
9,0.10920362422508345,HAPPO,4000000.0,academy_corner
10,0.10888671875,HAPPO,4400000.0,academy_corner
11,0.03857868020304569,HAPPO,4800000.0,academy_corner
12,0.1680640243902439,HAPPO,5200000.0,academy_corner
13,0.20228494623655913,HAPPO,5600000.0,academy_corner
14,0.24153074027603513,HAPPO,6000000.0,academy_corner
15,0.28836424957841483,HAPPO,6400000.0,academy_corner
16,0.2724814063556457,HAPPO,6800000.0,academy_corner
17,0.3120248790601244,HAPPO,7200000.0,academy_corner
18,0.2965779467680608,HAPPO,7600000.0,academy_corner
19,0.3211538461538462,HAPPO,8000000.0,academy_corner
20,0.3368453672141308,HAPPO,8400000.0,academy_corner
21,0.35685109543260307,HAPPO,8800000.0,academy_corner
22,0.3655417406749556,HAPPO,9200000.0,academy_corner
23,0.37186681631126073,HAPPO,9600000.0,academy_corner
24,0.3568125222340804,HAPPO,10000000.0,academy_corner
25,0.4042283298097252,HAPPO,10400000.0,academy_corner
26,0.3506872136609746,HAPPO,10800000.0,academy_corner
27,0.37395416515096397,HAPPO,11200000.0,academy_corner
28,0.41477716966379985,HAPPO,11600000.0,academy_corner
29,0.40644904458598724,HAPPO,12000000.0,academy_corner
30,0.3710223425863236,HAPPO,12400000.0,academy_corner
31,0.38804386275203395,HAPPO,12800000.0,academy_corner
32,0.35522286492004085,HAPPO,13200000.0,academy_corner
33,0.3843058350100604,HAPPO,13600000.0,academy_corner
34,0.3232136245834876,HAPPO,14000000.0,academy_corner
35,0.41525088897668905,HAPPO,14400000.0,academy_corner
36,0.43454345434543457,HAPPO,14800000.0,academy_corner
37,0.3658051689860835,HAPPO,15200000.0,academy_corner
38,0.32841207349081364,HAPPO,15600000.0,academy_corner
39,0.35994677312042583,HAPPO,16000000.0,academy_corner
40,0.27205252640593774,HAPPO,16400000.0,academy_corner
41,0.3326212999694843,HAPPO,16800000.0,academy_corner
42,0.32641221374045803,HAPPO,17200000.0,academy_corner
43,0.3367379508458347,HAPPO,17600000.0,academy_corner
44,0.3563905493879875,HAPPO,18000000.0,academy_corner
45,0.3522920203735144,HAPPO,18400000.0,academy_corner
46,0.3282738095238095,HAPPO,18800000.0,academy_corner
47,0.34875881091020533,HAPPO,19200000.0,academy_corner
48,0.28583642063265885,HAPPO,19600000.0,academy_corner
49,0.34660633484162895,HAPPO,20000000.0,academy_corner
0,0.0054621848739495795,HAPPO,400000.0,academy_corner
1,0.005623242736644799,HAPPO,800000.0,academy_corner
2,0.011121856866537718,HAPPO,1200000.0,academy_corner
3,0.02278612118073537,HAPPO,1600000.0,academy_corner
4,0.05469915464942814,HAPPO,2000000.0,academy_corner
5,0.11842105263157894,HAPPO,2400000.0,academy_corner
6,0.1502125649504015,HAPPO,2800000.0,academy_corner
7,0.18282918149466193,HAPPO,3200000.0,academy_corner
8,0.22668451584114235,HAPPO,3600000.0,academy_corner
9,0.32762938230383976,HAPPO,4000000.0,academy_corner
10,0.46183473389355745,HAPPO,4400000.0,academy_corner
11,0.43361801242236025,HAPPO,4800000.0,academy_corner
12,0.4361407671016212,HAPPO,5200000.0,academy_corner
13,0.43983402489626555,HAPPO,5600000.0,academy_corner
14,0.30101180438448566,HAPPO,6000000.0,academy_corner
15,0.40389696169088507,HAPPO,6400000.0,academy_corner
16,0.4423735260555344,HAPPO,6800000.0,academy_corner
17,0.47098611605553575,HAPPO,7200000.0,academy_corner
18,0.44680015704750686,HAPPO,7600000.0,academy_corner
19,0.4704724409448819,HAPPO,8000000.0,academy_corner
20,0.4846181686572566,HAPPO,8400000.0,academy_corner
21,0.537117903930131,HAPPO,8800000.0,academy_corner
22,0.48190205819730303,HAPPO,9200000.0,academy_corner
23,0.4485062893081761,HAPPO,9600000.0,academy_corner
24,0.5751361743031079,HAPPO,10000000.0,academy_corner
25,0.585802894555479,HAPPO,10400000.0,academy_corner
26,0.589642740085218,HAPPO,10800000.0,academy_corner
27,0.5782292298362645,HAPPO,11200000.0,academy_corner
28,0.6326312983204478,HAPPO,11600000.0,academy_corner
29,0.6409672830725462,HAPPO,12000000.0,academy_corner
30,0.6493428912783752,HAPPO,12400000.0,academy_corner
31,0.6752261453166034,HAPPO,12800000.0,academy_corner
32,0.6216541353383459,HAPPO,13200000.0,academy_corner
33,0.6597417181358787,HAPPO,13600000.0,academy_corner
34,0.5980278422273781,HAPPO,14000000.0,academy_corner
35,0.6217207334273624,HAPPO,14400000.0,academy_corner
36,0.5975747320924986,HAPPO,14800000.0,academy_corner
37,0.5854195323246217,HAPPO,15200000.0,academy_corner
38,0.6166442953020134,HAPPO,15600000.0,academy_corner
39,0.6128048780487805,HAPPO,16000000.0,academy_corner
40,0.6348400203148806,HAPPO,16400000.0,academy_corner
41,0.6388194097048524,HAPPO,16800000.0,academy_corner
42,0.5964638585543421,HAPPO,17200000.0,academy_corner
43,0.6109791501715492,HAPPO,17600000.0,academy_corner
44,0.6294148655772273,HAPPO,18000000.0,academy_corner
45,0.6180918339290624,HAPPO,18400000.0,academy_corner
46,0.654454401686874,HAPPO,18800000.0,academy_corner
47,0.6291407867494824,HAPPO,19200000.0,academy_corner
48,0.654878354652621,HAPPO,19600000.0,academy_corner
49,0.6412172984516817,HAPPO,20000000.0,academy_corner
0,0.008130081300813009,HAPPO,400000.0,academy_corner
1,0.00641025641025641,HAPPO,800000.0,academy_corner
2,0.010212765957446808,HAPPO,1200000.0,academy_corner
3,0.031003678402522335,HAPPO,1600000.0,academy_corner
4,0.0749741468459152,HAPPO,2000000.0,academy_corner
5,0.2154503105590062,HAPPO,2400000.0,academy_corner
6,0.24991735537190082,HAPPO,2800000.0,academy_corner
7,0.34776688453159044,HAPPO,3200000.0,academy_corner
8,0.355968992248062,HAPPO,3600000.0,academy_corner
9,0.4582317073170732,HAPPO,4000000.0,academy_corner
10,0.4303625889528973,HAPPO,4400000.0,academy_corner
11,0.44659300184162065,HAPPO,4800000.0,academy_corner
12,0.49018423437028086,HAPPO,5200000.0,academy_corner
13,0.5092207019631172,HAPPO,5600000.0,academy_corner
14,0.4893867924528302,HAPPO,6000000.0,academy_corner
15,0.48015402843601895,HAPPO,6400000.0,academy_corner
16,0.505175983436853,HAPPO,6800000.0,academy_corner
17,0.4980729321079158,HAPPO,7200000.0,academy_corner
18,0.5014749262536873,HAPPO,7600000.0,academy_corner
19,0.4054267650158061,HAPPO,8000000.0,academy_corner
20,0.44667247893054346,HAPPO,8400000.0,academy_corner
21,0.5223463687150838,HAPPO,8800000.0,academy_corner
22,0.5266686985675099,HAPPO,9200000.0,academy_corner
23,0.4741511165494035,HAPPO,9600000.0,academy_corner
24,0.48243001786777845,HAPPO,10000000.0,academy_corner
25,0.4676145339652449,HAPPO,10400000.0,academy_corner
26,0.48881789137380194,HAPPO,10800000.0,academy_corner
27,0.5152659741894869,HAPPO,11200000.0,academy_corner
28,0.28760330578512394,HAPPO,11600000.0,academy_corner
29,0.5134474327628362,HAPPO,12000000.0,academy_corner
30,0.5381062355658198,HAPPO,12400000.0,academy_corner
31,0.4772727272727273,HAPPO,12800000.0,academy_corner
32,0.5800322061191626,HAPPO,13200000.0,academy_corner
33,0.5369542798212444,HAPPO,13600000.0,academy_corner
34,0.5421035907213219,HAPPO,14000000.0,academy_corner
35,0.5718769617074702,HAPPO,14400000.0,academy_corner
36,0.5934445083381253,HAPPO,14800000.0,academy_corner
37,0.6446540880503144,HAPPO,15200000.0,academy_corner
38,0.5894614939200926,HAPPO,15600000.0,academy_corner
39,0.624031007751938,HAPPO,16000000.0,academy_corner
40,0.6124478665383382,HAPPO,16400000.0,academy_corner
41,0.2204724409448819,HAPPO,16800000.0,academy_corner
42,0.2855291576673866,HAPPO,17200000.0,academy_corner
43,0.5365671641791044,HAPPO,17600000.0,academy_corner
44,0.5668833390352378,HAPPO,18000000.0,academy_corner
45,0.6042953809944102,HAPPO,18400000.0,academy_corner
46,0.6276562981213428,HAPPO,18800000.0,academy_corner
47,0.6669430624654505,HAPPO,19200000.0,academy_corner
48,0.6144717800289435,HAPPO,19600000.0,academy_corner
49,0.6429362880886427,HAPPO,20000000.0,academy_corner
0,0.007622677465459742,HAPPO,400000.0,academy_corner
1,0.004222972972972973,HAPPO,800000.0,academy_corner
2,0.00530705079605762,HAPPO,1200000.0,academy_corner
3,0.007964601769911504,HAPPO,1600000.0,academy_corner
4,0.007715387912558937,HAPPO,2000000.0,academy_corner
5,0.01630695443645084,HAPPO,2400000.0,academy_corner
6,0.014105058365758755,HAPPO,2800000.0,academy_corner
7,0.027390900649953576,HAPPO,3200000.0,academy_corner
8,0.08061953931691819,HAPPO,3600000.0,academy_corner
9,0.010047846889952153,HAPPO,4000000.0,academy_corner
10,0.060109289617486336,HAPPO,4400000.0,academy_corner
11,0.11883408071748879,HAPPO,4800000.0,academy_corner
12,0.1426437640029873,HAPPO,5200000.0,academy_corner
13,0.1656891495601173,HAPPO,5600000.0,academy_corner
14,0.18736059479553904,HAPPO,6000000.0,academy_corner
15,0.24483133841131666,HAPPO,6400000.0,academy_corner
16,0.263720073664825,HAPPO,6800000.0,academy_corner
17,0.2613138686131387,HAPPO,7200000.0,academy_corner
18,0.27095588235294116,HAPPO,7600000.0,academy_corner
19,0.2456205739843459,HAPPO,8000000.0,academy_corner
20,0.32770529547198773,HAPPO,8400000.0,academy_corner
21,0.31069131832797425,HAPPO,8800000.0,academy_corner
22,0.24938675388389206,HAPPO,9200000.0,academy_corner
23,0.29126637554585155,HAPPO,9600000.0,academy_corner
24,0.3143908421913328,HAPPO,10000000.0,academy_corner
25,0.29922858302882666,HAPPO,10400000.0,academy_corner
26,0.32792584009269987,HAPPO,10800000.0,academy_corner
27,0.2886852308776877,HAPPO,11200000.0,academy_corner
28,0.27557932263814616,HAPPO,11600000.0,academy_corner
29,0.2967479674796748,HAPPO,12000000.0,academy_corner
30,0.20981996726677576,HAPPO,12400000.0,academy_corner
31,0.2807899461400359,HAPPO,12800000.0,academy_corner
32,0.2780979827089337,HAPPO,13200000.0,academy_corner
33,0.3733236679956506,HAPPO,13600000.0,academy_corner
34,0.23293323330832708,HAPPO,14000000.0,academy_corner
35,0.43568904593639574,HAPPO,14400000.0,academy_corner
36,0.3977519941986947,HAPPO,14800000.0,academy_corner
37,0.287086856264412,HAPPO,15200000.0,academy_corner
38,0.35348677430436276,HAPPO,15600000.0,academy_corner
39,0.39519023689877963,HAPPO,16000000.0,academy_corner
40,0.3310104529616725,HAPPO,16400000.0,academy_corner
41,0.306771417882529,HAPPO,16800000.0,academy_corner
42,0.34805003679175867,HAPPO,17200000.0,academy_corner
43,0.326133909287257,HAPPO,17600000.0,academy_corner
44,0.3111449220235831,HAPPO,18000000.0,academy_corner
45,0.3007740508661998,HAPPO,18400000.0,academy_corner
46,0.3034124629080119,HAPPO,18800000.0,academy_corner
47,0.32634521313766596,HAPPO,19200000.0,academy_corner
48,0.3280028429282161,HAPPO,19600000.0,academy_corner
49,0.3236563358179678,HAPPO,20000000.0,academy_corner
0,0.006878761822871883,MAPPO,400000.0,academy_corner
1,0.019094380796508457,MAPPO,800000.0,academy_corner
2,0.023582257158899493,MAPPO,1200000.0,academy_corner
3,0.017957351290684626,MAPPO,1600000.0,academy_corner
4,0.0378317334839074,MAPPO,2000000.0,academy_corner
5,0.04382259767687434,MAPPO,2400000.0,academy_corner
6,0.07729211087420043,MAPPO,2800000.0,academy_corner
7,0.2467289719626168,MAPPO,3200000.0,academy_corner
8,0.4618444846292948,MAPPO,3600000.0,academy_corner
9,0.5163307852675469,MAPPO,4000000.0,academy_corner
10,0.5476272947696571,MAPPO,4400000.0,academy_corner
11,0.5996699669966997,MAPPO,4800000.0,academy_corner
12,0.5813242784380306,MAPPO,5200000.0,academy_corner
13,0.6122250970245796,MAPPO,5600000.0,academy_corner
14,0.6481703659268147,MAPPO,6000000.0,academy_corner
15,0.6423982869379015,MAPPO,6400000.0,academy_corner
16,0.7090107467621934,MAPPO,6800000.0,academy_corner
17,0.6809674632882234,MAPPO,7200000.0,academy_corner
18,0.704378569485994,MAPPO,7600000.0,academy_corner
19,0.6995268138801262,MAPPO,8000000.0,academy_corner
20,0.6757075471698113,MAPPO,8400000.0,academy_corner
21,0.7072108843537415,MAPPO,8800000.0,academy_corner
22,0.6863715783343041,MAPPO,9200000.0,academy_corner
23,0.6716593245227607,MAPPO,9600000.0,academy_corner
24,0.6170144462279293,MAPPO,10000000.0,academy_corner
25,0.6727594339622641,MAPPO,10400000.0,academy_corner
26,0.7052952592181868,MAPPO,10800000.0,academy_corner
27,0.6912355936746181,MAPPO,11200000.0,academy_corner
28,0.7238069848040523,MAPPO,11600000.0,academy_corner
29,0.7224565102793885,MAPPO,12000000.0,academy_corner
30,0.7119363395225464,MAPPO,12400000.0,academy_corner
31,0.6853651763399056,MAPPO,12800000.0,academy_corner
32,0.7295383001049318,MAPPO,13200000.0,academy_corner
33,0.6582427270055833,MAPPO,13600000.0,academy_corner
34,0.7010475423045931,MAPPO,14000000.0,academy_corner
35,0.7446971633018145,MAPPO,14400000.0,academy_corner
36,0.7585537490900267,MAPPO,14800000.0,academy_corner
37,0.7566787003610108,MAPPO,15200000.0,academy_corner
38,0.7318802521008403,MAPPO,15600000.0,academy_corner
39,0.7824652368607118,MAPPO,16000000.0,academy_corner
40,0.7634620113105484,MAPPO,16400000.0,academy_corner
41,0.7567904310989285,MAPPO,16800000.0,academy_corner
42,0.7449382716049383,MAPPO,17200000.0,academy_corner
43,0.7691237830319889,MAPPO,17600000.0,academy_corner
44,0.7601209865053513,MAPPO,18000000.0,academy_corner
45,0.7869039470682181,MAPPO,18400000.0,academy_corner
46,0.7779589934762349,MAPPO,18800000.0,academy_corner
47,0.7488383467840548,MAPPO,19200000.0,academy_corner
48,0.7810236036457117,MAPPO,19600000.0,academy_corner
49,0.7561097256857855,MAPPO,20000000.0,academy_corner
0,0.006109022556390977,MAPPO,400000.0,academy_corner
1,0.012127894156560088,MAPPO,800000.0,academy_corner
2,0.018975332068311195,MAPPO,1200000.0,academy_corner
3,0.08806146572104019,MAPPO,1600000.0,academy_corner
4,0.5615152531009051,MAPPO,2000000.0,academy_corner
5,0.5762483130904184,MAPPO,2400000.0,academy_corner
6,0.6083076923076923,MAPPO,2800000.0,academy_corner
7,0.6086673183447378,MAPPO,3200000.0,academy_corner
8,0.6223021582733813,MAPPO,3600000.0,academy_corner
9,0.6359965387943467,MAPPO,4000000.0,academy_corner
10,0.6365479293368086,MAPPO,4400000.0,academy_corner
11,0.6516757376109997,MAPPO,4800000.0,academy_corner
12,0.671420581655481,MAPPO,5200000.0,academy_corner
13,0.632748538011696,MAPPO,5600000.0,academy_corner
14,0.6814692982456141,MAPPO,6000000.0,academy_corner
15,0.6957678999201491,MAPPO,6400000.0,academy_corner
16,0.6520863309352518,MAPPO,6800000.0,academy_corner
17,0.663448275862069,MAPPO,7200000.0,academy_corner
18,0.6822326609560652,MAPPO,7600000.0,academy_corner
19,0.6335421412300684,MAPPO,8000000.0,academy_corner
20,0.6853425385023898,MAPPO,8400000.0,academy_corner
21,0.7070250133049495,MAPPO,8800000.0,academy_corner
22,0.6566820276497696,MAPPO,9200000.0,academy_corner
23,0.707405489383739,MAPPO,9600000.0,academy_corner
24,0.7003411178168459,MAPPO,10000000.0,academy_corner
25,0.6844372644049542,MAPPO,10400000.0,academy_corner
26,0.6758639910813824,MAPPO,10800000.0,academy_corner
27,0.6994203698592327,MAPPO,11200000.0,academy_corner
28,0.7001599147121536,MAPPO,11600000.0,academy_corner
29,0.6957599118942731,MAPPO,12000000.0,academy_corner
30,0.6774282560706402,MAPPO,12400000.0,academy_corner
31,0.7025953389830508,MAPPO,12800000.0,academy_corner
32,0.6739495798319328,MAPPO,13200000.0,academy_corner
33,0.6189127972819932,MAPPO,13600000.0,academy_corner
34,0.6722760981175129,MAPPO,14000000.0,academy_corner
35,0.6719736480922317,MAPPO,14400000.0,academy_corner
36,0.6749932849852269,MAPPO,14800000.0,academy_corner
37,0.6753897550111359,MAPPO,15200000.0,academy_corner
38,0.6873968079251513,MAPPO,15600000.0,academy_corner
39,0.6922457740810303,MAPPO,16000000.0,academy_corner
40,0.7057264050901378,MAPPO,16400000.0,academy_corner
41,0.7026239067055393,MAPPO,16800000.0,academy_corner
42,0.7027655724993538,MAPPO,17200000.0,academy_corner
43,0.681532147742818,MAPPO,17600000.0,academy_corner
44,0.675561797752809,MAPPO,18000000.0,academy_corner
45,0.6818826197901899,MAPPO,18400000.0,academy_corner
46,0.6701388888888888,MAPPO,18800000.0,academy_corner
47,0.6878265412748171,MAPPO,19200000.0,academy_corner
48,0.7079668908432488,MAPPO,19600000.0,academy_corner
49,0.6988799166449596,MAPPO,20000000.0,academy_corner
0,0.00556745182012848,MAPPO,400000.0,academy_corner
1,0.00974025974025974,MAPPO,800000.0,academy_corner
2,0.03558535327488396,MAPPO,1200000.0,academy_corner
3,0.09246753246753246,MAPPO,1600000.0,academy_corner
4,0.27901234567901234,MAPPO,2000000.0,academy_corner
5,0.3785204656402554,MAPPO,2400000.0,academy_corner
6,0.34470304975922955,MAPPO,2800000.0,academy_corner
7,0.38731160182264285,MAPPO,3200000.0,academy_corner
8,0.39512370025098603,MAPPO,3600000.0,academy_corner
9,0.4009056078021595,MAPPO,4000000.0,academy_corner
10,0.4352542372881356,MAPPO,4400000.0,academy_corner
11,0.4225941422594142,MAPPO,4800000.0,academy_corner
12,0.4383514986376022,MAPPO,5200000.0,academy_corner
13,0.443010752688172,MAPPO,5600000.0,academy_corner
14,0.45700744752877454,MAPPO,6000000.0,academy_corner
15,0.4681672025723473,MAPPO,6400000.0,academy_corner
16,0.38763844230082173,MAPPO,6800000.0,academy_corner
17,0.45223345288555594,MAPPO,7200000.0,academy_corner
18,0.4742818971275885,MAPPO,7600000.0,academy_corner
19,0.5041322314049587,MAPPO,8000000.0,academy_corner
20,0.5155001597954618,MAPPO,8400000.0,academy_corner
21,0.5429191199256275,MAPPO,8800000.0,academy_corner
22,0.5823444283646888,MAPPO,9200000.0,academy_corner
23,0.5475899938987188,MAPPO,9600000.0,academy_corner
24,0.596778916544656,MAPPO,10000000.0,academy_corner
25,0.5735521833384949,MAPPO,10400000.0,academy_corner
26,0.5854891465953018,MAPPO,10800000.0,academy_corner
27,0.5851697438951757,MAPPO,11200000.0,academy_corner
28,0.5552715654952076,MAPPO,11600000.0,academy_corner
29,0.589782345828295,MAPPO,12000000.0,academy_corner
30,0.6178674351585014,MAPPO,12400000.0,academy_corner
31,0.5668515095502157,MAPPO,12800000.0,academy_corner
32,0.5897054448080928,MAPPO,13200000.0,academy_corner
33,0.5981748601707388,MAPPO,13600000.0,academy_corner
34,0.5743222187597382,MAPPO,14000000.0,academy_corner
35,0.5765682656826568,MAPPO,14400000.0,academy_corner
36,0.5942203491872367,MAPPO,14800000.0,academy_corner
37,0.5889716840536513,MAPPO,15200000.0,academy_corner
38,0.6066240557815223,MAPPO,15600000.0,academy_corner
39,0.5928214180641365,MAPPO,16000000.0,academy_corner
40,0.6090417969860676,MAPPO,16400000.0,academy_corner
41,0.5994583207944628,MAPPO,16800000.0,academy_corner
42,0.5552503052503053,MAPPO,17200000.0,academy_corner
43,0.594263519569764,MAPPO,17600000.0,academy_corner
44,0.5524409448818898,MAPPO,18000000.0,academy_corner
45,0.5729418886198547,MAPPO,18400000.0,academy_corner
46,0.5833580100681078,MAPPO,18800000.0,academy_corner
47,0.5906976744186047,MAPPO,19200000.0,academy_corner
48,0.5901889092017063,MAPPO,19600000.0,academy_corner
49,0.5961077844311378,MAPPO,20000000.0,academy_corner
0,0.004539264639128461,MAPPO,400000.0,academy_corner
1,0.016282987085906794,MAPPO,800000.0,academy_corner
2,0.017971014492753623,MAPPO,1200000.0,academy_corner
3,0.04103428892636313,MAPPO,1600000.0,academy_corner
4,0.12186046511627907,MAPPO,2000000.0,academy_corner
5,0.20061138708444784,MAPPO,2400000.0,academy_corner
6,0.23016759776536314,MAPPO,2800000.0,academy_corner
7,0.21784879189399844,MAPPO,3200000.0,academy_corner
8,0.28141865844255975,MAPPO,3600000.0,academy_corner
9,0.4252150893448048,MAPPO,4000000.0,academy_corner
10,0.41545741324921137,MAPPO,4400000.0,academy_corner
11,0.31702344546381245,MAPPO,4800000.0,academy_corner
12,0.42118863049095606,MAPPO,5200000.0,academy_corner
13,0.4151207560378019,MAPPO,5600000.0,academy_corner
14,0.42367376398412127,MAPPO,6000000.0,academy_corner
15,0.4517082785808147,MAPPO,6400000.0,academy_corner
16,0.5027008777852802,MAPPO,6800000.0,academy_corner
17,0.4828828828828829,MAPPO,7200000.0,academy_corner
18,0.46387832699619774,MAPPO,7600000.0,academy_corner
19,0.4315119760479042,MAPPO,8000000.0,academy_corner
20,0.503781058696435,MAPPO,8400000.0,academy_corner
21,0.5067043048694425,MAPPO,8800000.0,academy_corner
22,0.4770575382374363,MAPPO,9200000.0,academy_corner
23,0.5008963786303334,MAPPO,9600000.0,academy_corner
24,0.5310828877005348,MAPPO,10000000.0,academy_corner
25,0.5467808436409769,MAPPO,10400000.0,academy_corner
26,0.5159744408945687,MAPPO,10800000.0,academy_corner
27,0.5694975022039377,MAPPO,11200000.0,academy_corner
28,0.5509564126685481,MAPPO,11600000.0,academy_corner
29,0.5695093457943925,MAPPO,12000000.0,academy_corner
30,0.5134162303664922,MAPPO,12400000.0,academy_corner
31,0.42983050847457627,MAPPO,12800000.0,academy_corner
32,0.5657510227936879,MAPPO,13200000.0,academy_corner
33,0.5539504716981132,MAPPO,13600000.0,academy_corner
34,0.6080962158990907,MAPPO,14000000.0,academy_corner
35,0.5788375558867362,MAPPO,14400000.0,academy_corner
36,0.5527386541471049,MAPPO,14800000.0,academy_corner
37,0.6290978054727716,MAPPO,15200000.0,academy_corner
38,0.6039631593636617,MAPPO,15600000.0,academy_corner
39,0.6223816355810617,MAPPO,16000000.0,academy_corner
40,0.631695196024296,MAPPO,16400000.0,academy_corner
41,0.6415991053955828,MAPPO,16800000.0,academy_corner
42,0.5760869565217391,MAPPO,17200000.0,academy_corner
43,0.6520307354555434,MAPPO,17600000.0,academy_corner
44,0.6558544303797469,MAPPO,18000000.0,academy_corner
45,0.632368703108253,MAPPO,18400000.0,academy_corner
46,0.6573757559821194,MAPPO,18800000.0,academy_corner
47,0.6264769065520945,MAPPO,19200000.0,academy_corner
48,0.6395634379263302,MAPPO,19600000.0,academy_corner
49,0.6340650180605724,MAPPO,20000000.0,academy_corner
0,0.0052732502396931925,MAPPO,400000.0,academy_corner
1,0.009169363538295576,MAPPO,800000.0,academy_corner
2,0.020152505446623094,MAPPO,1200000.0,academy_corner
3,0.07035445757250268,MAPPO,1600000.0,academy_corner
4,0.18257059396299902,MAPPO,2000000.0,academy_corner
5,0.3785502331496397,MAPPO,2400000.0,academy_corner
6,0.38553226469379365,MAPPO,2800000.0,academy_corner
7,0.39060618225612204,MAPPO,3200000.0,academy_corner
8,0.4767691208005718,MAPPO,3600000.0,academy_corner
9,0.47593984962406016,MAPPO,4000000.0,academy_corner
10,0.49839343091752947,MAPPO,4400000.0,academy_corner
11,0.5681114551083591,MAPPO,4800000.0,academy_corner
12,0.5989304812834224,MAPPO,5200000.0,academy_corner
13,0.6338751069289992,MAPPO,5600000.0,academy_corner
14,0.6412429378531074,MAPPO,6000000.0,academy_corner
15,0.6376388077147866,MAPPO,6400000.0,academy_corner
16,0.6087780233659614,MAPPO,6800000.0,academy_corner
17,0.6454948301329394,MAPPO,7200000.0,academy_corner
18,0.6902751293925361,MAPPO,7600000.0,academy_corner
19,0.6913546255506607,MAPPO,8000000.0,academy_corner
20,0.6952274630198158,MAPPO,8400000.0,academy_corner
21,0.6705882352941176,MAPPO,8800000.0,academy_corner
22,0.6797574357493503,MAPPO,9200000.0,academy_corner
23,0.678343949044586,MAPPO,9600000.0,academy_corner
24,0.7002762430939227,MAPPO,10000000.0,academy_corner
25,0.7208067940552016,MAPPO,10400000.0,academy_corner
26,0.6931438127090301,MAPPO,10800000.0,academy_corner
27,0.699000270197244,MAPPO,11200000.0,academy_corner
28,0.6562587904360057,MAPPO,11600000.0,academy_corner
29,0.6456668715427166,MAPPO,12000000.0,academy_corner
30,0.6397167305989968,MAPPO,12400000.0,academy_corner
31,0.6095444685466378,MAPPO,12800000.0,academy_corner
32,0.691512513601741,MAPPO,13200000.0,academy_corner
33,0.69641412779725,MAPPO,13600000.0,academy_corner
34,0.6970024304617878,MAPPO,14000000.0,academy_corner
35,0.7034410296821645,MAPPO,14400000.0,academy_corner
36,0.7030999465526456,MAPPO,14800000.0,academy_corner
37,0.6960918283684067,MAPPO,15200000.0,academy_corner
38,0.684625850340136,MAPPO,15600000.0,academy_corner
39,0.6774465691788526,MAPPO,16000000.0,academy_corner
40,0.6873399715504979,MAPPO,16400000.0,academy_corner
41,0.7023966289175665,MAPPO,16800000.0,academy_corner
42,0.7229342787019362,MAPPO,17200000.0,academy_corner
43,0.703494623655914,MAPPO,17600000.0,academy_corner
44,0.7020929600434901,MAPPO,18000000.0,academy_corner
45,0.7402298850574712,MAPPO,18400000.0,academy_corner
46,0.7130659767141009,MAPPO,18800000.0,academy_corner
47,0.7312435765673175,MAPPO,19200000.0,academy_corner
48,0.6795016987542469,MAPPO,19600000.0,academy_corner
49,0.665458600501812,MAPPO,20000000.0,academy_corner
