,eval_average_episode_rewards,algo,step,scenario
0,0.11599999999999974,AengMixer,10000.0,0
1,0.11789999999999974,AengMixer,20000.0,0
2,0.1431199999999997,AengMixer,30000.0,0
3,0.20709599999999964,AengMixer,40000.0,0
4,0.2896767999999997,AengMixer,50000.0,0
5,0.39554143999999997,AengMixer,60000.0,0
6,0.4809331520000003,AengMixer,70000.0,0
7,0.5487465216000005,AengMixer,80000.0,0
8,0.5793972172800006,AengMixer,90000.0,0
9,0.5886177738240006,AengMixer,100000.0,0
10,0.6041942190592006,AengMixer,110000.0,0
11,0.704355375247361,AengMixer,120000.0,0
12,0.7750843001978893,AengMixer,130000.0,0
13,0.8642674401583121,AengMixer,140000.0,0
14,0.9405139521266503,AengMixer,150000.0,0
15,0.9879111617013209,AengMixer,160000.0,0
16,1.0334289293610572,AengMixer,170000.0,0
17,1.1245431434888467,AengMixer,180000.0,0
18,1.2003345147910782,AengMixer,190000.0,0
19,1.2899676118328633,AengMixer,200000.0,0
20,1.3419740894662917,AengMixer,210000.0,0
21,1.4016792715730344,AengMixer,220000.0,0
22,1.4711434172584283,AengMixer,230000.0,0
23,1.5346147338067437,AengMixer,240000.0,0
24,1.5773917870453962,AengMixer,250000.0,0
25,1.6471134296363181,AengMixer,260000.0,0
26,1.6862907437090557,AengMixer,270000.0,0
27,1.7075325949672455,AengMixer,280000.0,0
28,1.7421260759737973,AengMixer,290000.0,0
29,1.777400860779039,AengMixer,300000.0,0
30,1.8159206886232324,AengMixer,310000.0,0
31,1.845436550898587,AengMixer,320000.0,0
32,1.8851492407188708,AengMixer,330000.0,0
33,1.9139193925750977,AengMixer,340000.0,0
34,1.9467355140600793,AengMixer,350000.0,0
35,1.9659884112480646,AengMixer,360000.0,0
36,1.9851907289984527,AengMixer,370000.0,0
37,2.004652583198763,AengMixer,380000.0,0
38,2.0265220665590116,AengMixer,390000.0,0
39,2.0440176532472103,AengMixer,400000.0,0
40,2.0534141225977693,AengMixer,410000.0,0
41,2.0651312980782164,AengMixer,420000.0,0
42,2.073205038462574,AengMixer,430000.0,0
43,2.0835640307700607,AengMixer,440000.0,0
44,2.09125122461605,AengMixer,450000.0,0
45,2.105700979692841,AengMixer,460000.0,0
46,2.105560783754274,AengMixer,470000.0,0
47,2.1180486270034202,AengMixer,480000.0,0
48,2.1254389016027373,AengMixer,490000.0,0
49,2.127751121282191,AengMixer,500000.0,0
50,2.138400897025754,AengMixer,510000.0,0
51,2.1439207176206043,AengMixer,520000.0,0
52,2.1537365740964844,AengMixer,530000.0,0
53,2.1544892592771885,AengMixer,540000.0,0
54,2.156791407421752,AengMixer,550000.0,0
55,2.1611331259374027,AengMixer,560000.0,0
56,2.160906500749923,AengMixer,570000.0,0
57,2.1632252005999395,AengMixer,580000.0,0
58,2.1693801604799527,AengMixer,590000.0,0
59,2.1735041283839633,AengMixer,600000.0,0
60,2.174303302707172,AengMixer,610000.0,0
61,2.1748426421657387,AengMixer,620000.0,0
62,2.1839741137325923,AengMixer,630000.0,0
63,2.187979290986075,AengMixer,640000.0,0
64,2.185383432788861,AengMixer,650000.0,0
65,2.18170674623109,AengMixer,660000.0,0
66,2.1768653969848732,AengMixer,670000.0,0
67,2.1771923175878998,AengMixer,680000.0,0
68,2.178453854070321,AengMixer,690000.0,0
69,2.178763083256258,AengMixer,700000.0,0
70,2.1801104666050075,AengMixer,710000.0,0
71,2.177088373284007,AengMixer,720000.0,0
72,2.181970698627207,AengMixer,730000.0,0
73,2.1868765589017665,AengMixer,740000.0,0
74,2.1893012471214144,AengMixer,750000.0,0
75,2.1874409976971325,AengMixer,760000.0,0
76,2.1880527981577074,AengMixer,770000.0,0
77,2.194942238526167,AengMixer,780000.0,0
78,2.1914537908209346,AengMixer,790000.0,0
79,2.195863032656749,AengMixer,800000.0,0
80,2.1950904261254003,AengMixer,810000.0,0
81,2.1931723409003214,AengMixer,820000.0,0
82,2.1926378727202582,AengMixer,830000.0,0
83,2.193410298176208,AengMixer,840000.0,0
84,2.2012282385409674,AengMixer,850000.0,0
85,2.205382590832775,AengMixer,860000.0,0
86,2.202906072666221,AengMixer,870000.0,0
87,2.196024858132978,AengMixer,880000.0,0
88,2.1868198865063837,AengMixer,890000.0,0
89,2.190555909205108,AengMixer,900000.0,0
90,2.1878447273640873,AengMixer,910000.0,0
91,2.194975781891271,AengMixer,920000.0,0
92,2.1976806255130183,AengMixer,930000.0,0
93,2.199744500410416,AengMixer,940000.0,0
94,2.188795600328334,AengMixer,950000.0,0
95,2.1645364802626683,AengMixer,960000.0,0
96,2.162129184210136,AengMixer,970000.0,0
97,2.1660033473681097,AengMixer,980000.0,0
98,2.168902677894489,AengMixer,990000.0,0
99,2.1791221423155926,AengMixer,1000000.0,0
0,0.054499999999999875,AengMixer,10000.0,0
1,0.1382999999999998,AengMixer,20000.0,0
2,0.20123999999999975,AengMixer,30000.0,0
3,0.2726919999999997,AengMixer,40000.0,0
4,0.3948536000000001,AengMixer,50000.0,0
5,0.48498288000000034,AengMixer,60000.0,0
6,0.5514863040000006,AengMixer,70000.0,0
7,0.6431890432000009,AengMixer,80000.0,0
8,0.7686512345600014,AengMixer,90000.0,0
9,0.8609209876480017,AengMixer,100000.0,0
10,0.9103367901184019,AengMixer,110000.0,0
11,0.9846694320947222,AengMixer,120000.0,0
12,1.0852355456757785,AengMixer,130000.0,0
13,1.1719884365406237,AengMixer,140000.0,0
14,1.2399907492324997,AengMixer,150000.0,0
15,1.2773925993860005,AengMixer,160000.0,0
16,1.3487140795088013,AengMixer,170000.0,0
17,1.429371263607042,AengMixer,180000.0,0
18,1.5048970108856345,AengMixer,190000.0,0
19,1.5596176087085087,AengMixer,200000.0,0
20,1.594494086966808,AengMixer,210000.0,0
21,1.6214952695734475,AengMixer,220000.0,0
22,1.680096215658759,AengMixer,230000.0,0
23,1.7156769725270085,AengMixer,240000.0,0
24,1.7489415780216078,AengMixer,250000.0,0
25,1.7634532624172872,AengMixer,260000.0,0
26,1.7971626099338307,AengMixer,270000.0,0
27,1.8394300879470658,AengMixer,280000.0,0
28,1.864544070357654,AengMixer,290000.0,0
29,1.8869352562861244,AengMixer,300000.0,0
30,1.9221482050289005,AengMixer,310000.0,0
31,1.9439185640231216,AengMixer,320000.0,0
32,1.9562348512184984,AengMixer,330000.0,0
33,1.9796878809747998,AengMixer,340000.0,0
34,2.0023503047798408,AengMixer,350000.0,0
35,2.0202802438238736,AengMixer,360000.0,0
36,2.0258241950591,AengMixer,370000.0,0
37,2.0341593560472813,AengMixer,380000.0,0
38,2.048027484837826,AengMixer,390000.0,0
39,2.0572219878702622,AengMixer,400000.0,0
40,2.062777590296211,AengMixer,410000.0,0
41,2.07752207223697,AengMixer,420000.0,0
42,2.087917657789577,AengMixer,430000.0,0
43,2.094334126231663,AengMixer,440000.0,0
44,2.1075673009853313,AengMixer,450000.0,0
45,2.117153840788266,AengMixer,460000.0,0
46,2.126623072630614,AengMixer,470000.0,0
47,2.1391984581044925,AengMixer,480000.0,0
48,2.145258766483595,AengMixer,490000.0,0
49,2.155307013186877,AengMixer,500000.0,0
50,2.1522456105495027,AengMixer,510000.0,0
51,2.1553964884396035,AengMixer,520000.0,0
52,2.160617190751684,AengMixer,530000.0,0
53,2.1544937526013483,AengMixer,540000.0,0
54,2.15139500208108,AengMixer,550000.0,0
55,2.157116001664865,AengMixer,560000.0,0
56,2.164392801331893,AengMixer,570000.0,0
57,2.1657142410655155,AengMixer,580000.0,0
58,2.1686713928524135,AengMixer,590000.0,0
59,2.1749371142819323,AengMixer,600000.0,0
60,2.180549691425547,AengMixer,610000.0,0
61,2.188939753140439,AengMixer,620000.0,0
62,2.187751802512352,AengMixer,630000.0,0
63,2.185701442009883,AengMixer,640000.0,0
64,2.1816611536079074,AengMixer,650000.0,0
65,2.185128922886327,AengMixer,660000.0,0
66,2.1870031383090627,AengMixer,670000.0,0
67,2.1927025106472513,AengMixer,680000.0,0
68,2.197362008517802,AengMixer,690000.0,0
69,2.198989606814243,AengMixer,700000.0,0
70,2.1987916854513956,AengMixer,710000.0,0
71,2.1935333483611177,AengMixer,720000.0,0
72,2.199226678688895,AengMixer,730000.0,0
73,2.1954813429511173,AengMixer,740000.0,0
74,2.199385074360895,AengMixer,750000.0,0
75,2.1938080594887173,AengMixer,760000.0,0
76,2.201746447590975,AengMixer,770000.0,0
77,2.197897158072781,AengMixer,780000.0,0
78,2.2033177264582258,AengMixer,790000.0,0
79,2.2066541811665816,AengMixer,800000.0,0
80,2.2094233449332665,AengMixer,810000.0,0
81,2.2118386759466144,AengMixer,820000.0,0
82,2.215470940757293,AengMixer,830000.0,0
83,2.219676752605835,AengMixer,840000.0,0
84,2.2217414020846693,AengMixer,850000.0,0
85,2.2217931216677362,AengMixer,860000.0,0
86,2.21823449733419,AengMixer,870000.0,0
87,2.214887597867353,AengMixer,880000.0,0
88,2.2154100782938837,AengMixer,890000.0,0
89,2.214628062635108,AengMixer,900000.0,0
90,2.2154024501080873,AengMixer,910000.0,0
91,2.217421960086471,AengMixer,920000.0,0
92,2.222337568069178,AengMixer,930000.0,0
93,2.2207700544553437,AengMixer,940000.0,0
94,2.2235160435642762,AengMixer,950000.0,0
95,2.2211128348514224,AengMixer,960000.0,0
96,2.2191902678811393,AengMixer,970000.0,0
97,2.2258522143049126,AengMixer,980000.0,0
98,2.220581771443931,AengMixer,990000.0,0
99,2.2210654171551463,AengMixer,1000000.0,0
0,0.02899999999999987,AengMixer,10000.0,0
1,0.03719999999999987,AengMixer,20000.0,0
2,0.06675999999999985,AengMixer,30000.0,0
3,0.12810799999999972,AengMixer,40000.0,0
4,0.20558639999999972,AengMixer,50000.0,0
5,0.3069691199999999,AengMixer,60000.0,0
6,0.39887529600000005,AengMixer,70000.0,0
7,0.4825002368000002,AengMixer,80000.0,0
8,0.5257001894400004,AengMixer,90000.0,0
9,0.5624601515520005,AengMixer,100000.0,0
10,0.6275681212416008,AengMixer,110000.0,0
11,0.7006544969932812,AengMixer,120000.0,0
12,0.7566235975946254,AengMixer,130000.0,0
13,0.834198878075701,AengMixer,140000.0,0
14,0.8910591024605614,AengMixer,150000.0,0
15,0.9483472819684498,AengMixer,160000.0,0
16,1.0032778255747603,AengMixer,170000.0,0
17,1.0347222604598088,AengMixer,180000.0,0
18,1.0940778083678477,AengMixer,190000.0,0
19,1.175962246694279,AengMixer,200000.0,0
20,1.251869797355424,AengMixer,210000.0,0
21,1.3194958378843402,AengMixer,220000.0,0
22,1.3953966703074732,AengMixer,230000.0,0
23,1.4428173362459795,AengMixer,240000.0,0
24,1.4916538689967844,AengMixer,250000.0,0
25,1.5317230951974286,AengMixer,260000.0,0
26,1.5853784761579437,AengMixer,270000.0,0
27,1.642502780926356,AengMixer,280000.0,0
28,1.6899022247410858,AengMixer,290000.0,0
29,1.7464217797928696,AengMixer,300000.0,0
30,1.7812374238342967,AengMixer,310000.0,0
31,1.8084899390674385,AengMixer,320000.0,0
32,1.832691951253952,AengMixer,330000.0,0
33,1.8635535610031626,AengMixer,340000.0,0
34,1.8885428488025313,AengMixer,350000.0,0
35,1.919334279042026,AengMixer,360000.0,0
36,1.951867423233622,AengMixer,370000.0,0
37,1.9724939385868985,AengMixer,380000.0,0
38,2.00109515086952,AengMixer,390000.0,0
39,2.021076120695617,AengMixer,400000.0,0
40,2.0315608965564946,AengMixer,410000.0,0
41,2.032348717245197,AengMixer,420000.0,0
42,2.051378973796159,AengMixer,430000.0,0
43,2.0649031790369285,AengMixer,440000.0,0
44,2.079922543229544,AengMixer,450000.0,0
45,2.091038034583636,AengMixer,460000.0,0
46,2.10573042766691,AengMixer,470000.0,0
47,2.1172843421335292,AengMixer,480000.0,0
48,2.1348274737068245,AengMixer,490000.0,0
49,2.144461978965461,AengMixer,500000.0,0
50,2.1531695831723696,AengMixer,510000.0,0
51,2.1623356665378966,AengMixer,520000.0,0
52,2.1674685332303185,AengMixer,530000.0,0
53,2.175774826584256,AengMixer,540000.0,0
54,2.1720198612674055,AengMixer,550000.0,0
55,2.1745158890139256,AengMixer,560000.0,0
56,2.175912711211142,AengMixer,570000.0,0
57,2.1751301689689146,AengMixer,580000.0,0
58,2.177604135175133,AengMixer,590000.0,0
59,2.1838833081401074,AengMixer,600000.0,0
60,2.185906646512087,AengMixer,610000.0,0
61,2.182225317209671,AengMixer,620000.0,0
62,2.1808802537677376,AengMixer,630000.0,0
63,2.176004203014191,AengMixer,640000.0,0
64,2.177903362411354,AengMixer,650000.0,0
65,2.1819226899290847,AengMixer,660000.0,0
66,2.184738151943269,AengMixer,670000.0,0
67,2.1915905215546165,AengMixer,680000.0,0
68,2.1919724172436945,AengMixer,690000.0,0
69,2.195577933794957,AengMixer,700000.0,0
70,2.196262347035967,AengMixer,710000.0,0
71,2.1956098776287747,AengMixer,720000.0,0
72,2.193687902103021,AengMixer,730000.0,0
73,2.199950321682418,AengMixer,740000.0,0
74,2.2042602573459353,AengMixer,750000.0,0
75,2.2033082058767492,AengMixer,760000.0,0
76,2.1997465647014005,AengMixer,770000.0,0
77,2.1969972517611214,AengMixer,780000.0,0
78,2.201097801408898,AengMixer,790000.0,0
79,2.2026782411271197,AengMixer,800000.0,0
80,2.199842592901697,AengMixer,810000.0,0
81,2.2092740743213586,AengMixer,820000.0,0
82,2.210619259457088,AengMixer,830000.0,0
83,2.2097954075656716,AengMixer,840000.0,0
84,2.2099363260525386,AengMixer,850000.0,0
85,2.203649060842032,AengMixer,860000.0,0
86,2.2026192486736265,AengMixer,870000.0,0
87,2.201795398938902,AengMixer,880000.0,0
88,2.2101363191511227,AengMixer,890000.0,0
89,2.2118090553208996,AengMixer,900000.0,0
90,2.207347244256721,AengMixer,910000.0,0
91,2.203677795405378,AengMixer,920000.0,0
92,2.2043422363243033,AengMixer,930000.0,0
93,2.2017737890594438,AengMixer,940000.0,0
94,2.208319031247556,AengMixer,950000.0,0
95,2.206255224998046,AengMixer,960000.0,0
96,2.209204179998438,AengMixer,970000.0,0
97,2.211663343998752,AengMixer,980000.0,0
98,2.187230675199003,AengMixer,990000.0,0
99,2.1937845401592035,AengMixer,1000000.0,0
0,0.08449999999999978,AengMixer,10000.0,0
1,0.11179999999999979,AengMixer,20000.0,0
2,0.19843999999999967,AengMixer,30000.0,0
3,0.2615519999999996,AengMixer,40000.0,0
4,0.30264159999999957,AengMixer,50000.0,0
5,0.3519132799999996,AengMixer,60000.0,0
6,0.41943062399999964,AengMixer,70000.0,0
7,0.4733444991999999,AengMixer,80000.0,0
8,0.5223755993600001,AengMixer,90000.0,0
9,0.5667004794880003,AengMixer,100000.0,0
10,0.5942603835904003,AengMixer,110000.0,0
11,0.6457083068723206,AengMixer,120000.0,0
12,0.6919666454978568,AengMixer,130000.0,0
13,0.7380733163982858,AengMixer,140000.0,0
14,0.749158653118629,AengMixer,150000.0,0
15,0.7937269224949035,AengMixer,160000.0,0
16,0.8112815379959231,AengMixer,170000.0,0
17,0.8366252303967389,AengMixer,180000.0,0
18,0.8479001843173914,AengMixer,190000.0,0
19,0.8488201474539134,AengMixer,200000.0,0
20,0.8517561179631311,AengMixer,210000.0,0
21,0.8466048943705052,AengMixer,220000.0,0
22,0.8522839154964045,AengMixer,230000.0,0
23,0.8928271323971241,AengMixer,240000.0,0
24,0.9484617059176998,AengMixer,250000.0,0
25,0.9762693647341604,AengMixer,260000.0,0
26,1.000515491787329,AengMixer,270000.0,0
27,1.0407123934298637,AengMixer,280000.0,0
28,1.0834699147438918,AengMixer,290000.0,0
29,1.1233759317951142,AengMixer,300000.0,0
30,1.1881007454360921,AengMixer,310000.0,0
31,1.2199805963488743,AengMixer,320000.0,0
32,1.2871844770791003,AengMixer,330000.0,0
33,1.3345475816632812,AengMixer,340000.0,0
34,1.398138065330626,AengMixer,350000.0,0
35,1.4621104522645019,AengMixer,360000.0,0
36,1.4973883618116026,AengMixer,370000.0,0
37,1.539310689449283,AengMixer,380000.0,0
38,1.5861485515594274,AengMixer,390000.0,0
39,1.615118841247543,AengMixer,400000.0,0
40,1.6761950729980355,AengMixer,410000.0,0
41,1.7132560583984295,AengMixer,420000.0,0
42,1.7407048467187447,AengMixer,430000.0,0
43,1.767363877374997,AengMixer,440000.0,0
44,1.8304911018999985,AengMixer,450000.0,0
45,1.88479288152,AengMixer,460000.0,0
46,1.9249343052160008,AengMixer,470000.0,0
47,1.9559474441728018,AengMixer,480000.0,0
48,1.9872579553382426,AengMixer,490000.0,0
49,2.0154063642705955,AengMixer,500000.0,0
50,2.0401250914164777,AengMixer,510000.0,0
51,2.0601000731331833,AengMixer,520000.0,0
52,2.0282800585065477,AengMixer,530000.0,0
53,2.0140240468052393,AengMixer,540000.0,0
54,2.0290192374441927,AengMixer,550000.0,0
55,2.044715389955355,AengMixer,560000.0,0
56,2.031272311964285,AengMixer,570000.0,0
57,2.058317849571429,AengMixer,580000.0,0
58,2.0768542796571445,AengMixer,590000.0,0
59,2.088783423725717,AengMixer,600000.0,0
60,2.104526738980575,AengMixer,610000.0,0
61,2.108421391184461,AengMixer,620000.0,0
62,2.11233711294757,AengMixer,630000.0,0
63,2.118469690358057,AengMixer,640000.0,0
64,2.129775752286447,AengMixer,650000.0,0
65,2.1381206018291588,AengMixer,660000.0,0
66,2.138996481463328,AengMixer,670000.0,0
67,2.1407971851706633,AengMixer,680000.0,0
68,2.1448377481365317,AengMixer,690000.0,0
69,2.1530701985092264,AengMixer,700000.0,0
70,2.153656158807382,AengMixer,710000.0,0
71,2.1583249270459066,AengMixer,720000.0,0
72,2.1609599416367264,AengMixer,730000.0,0
73,2.167967953309382,AengMixer,740000.0,0
74,2.1745743626475065,AengMixer,750000.0,0
75,2.1827594901180065,AengMixer,760000.0,0
76,2.1849075920944063,AengMixer,770000.0,0
77,2.187426073675526,AengMixer,780000.0,0
78,2.1843408589404216,AengMixer,790000.0,0
79,2.1802726871523386,AengMixer,800000.0,0
80,2.175818149721872,AengMixer,810000.0,0
81,2.1679545197774988,AengMixer,820000.0,0
82,2.164663615822,AengMixer,830000.0,0
83,2.1664308926576012,AengMixer,840000.0,0
84,2.1731447141260825,AengMixer,850000.0,0
85,2.182615771300867,AengMixer,860000.0,0
86,2.1825926170406946,AengMixer,870000.0,0
87,2.190174093632557,AengMixer,880000.0,0
88,2.190439274906047,AengMixer,890000.0,0
89,2.187951419924839,AengMixer,900000.0,0
90,2.1862611359398723,AengMixer,910000.0,0
91,2.191808908751899,AengMixer,920000.0,0
92,2.1942471270015202,AengMixer,930000.0,0
93,2.2012977016012174,AengMixer,940000.0,0
94,2.205838161280975,AengMixer,950000.0,0
95,2.206370529024781,AengMixer,960000.0,0
96,2.212396423219826,AengMixer,970000.0,0
97,2.2189171385758617,AengMixer,980000.0,0
98,2.2180337108606905,AengMixer,990000.0,0
99,2.2198269686885537,AengMixer,1000000.0,0
0,0.04049999999999992,AengMixer,10000.0,0
1,0.05789999999999987,AengMixer,20000.0,0
2,0.11261999999999975,AengMixer,30000.0,0
3,0.20709599999999975,AengMixer,40000.0,0
4,0.27967679999999984,AengMixer,50000.0,0
5,0.34864143999999986,AengMixer,60000.0,0
6,0.437513152,AengMixer,70000.0,0
7,0.5354105216000004,AengMixer,80000.0,0
8,0.6156284172800006,AengMixer,90000.0,0
9,0.6590027338240008,AengMixer,100000.0,0
10,0.6899021870592008,AengMixer,110000.0,0
11,0.7512217496473611,AengMixer,120000.0,0
12,0.7760773997178891,AengMixer,130000.0,0
13,0.8244619197743118,AengMixer,140000.0,0
14,0.8355695358194498,AengMixer,150000.0,0
15,0.8908556286555603,AengMixer,160000.0,0
16,0.9252845029244487,AengMixer,170000.0,0
17,0.9485276023395595,AengMixer,180000.0,0
18,0.9870220818716481,AengMixer,190000.0,0
19,1.0506176654973192,AengMixer,200000.0,0
20,1.136994132397856,AengMixer,210000.0,0
21,1.2145953059182857,AengMixer,220000.0,0
22,1.2694762447346293,AengMixer,230000.0,0
23,1.3105809957877044,AengMixer,240000.0,0
24,1.3647647966301641,AengMixer,250000.0,0
25,1.3838118373041324,AengMixer,260000.0,0
26,1.4074494698433067,AengMixer,270000.0,0
27,1.4335595758746462,AengMixer,280000.0,0
28,1.469247660699718,AengMixer,290000.0,0
29,1.5017981285597752,AengMixer,300000.0,0
30,1.493338502847821,AengMixer,310000.0,0
31,1.5140708022782576,AengMixer,320000.0,0
32,1.519256641822607,AengMixer,330000.0,0
33,1.5482053134580867,AengMixer,340000.0,0
34,1.6183642507664704,AengMixer,350000.0,0
35,1.6576914006131775,AengMixer,360000.0,0
36,1.6953531204905432,AengMixer,370000.0,0
37,1.7387824963924357,AengMixer,380000.0,0
38,1.7607259971139497,AengMixer,390000.0,0
39,1.817880797691161,AengMixer,400000.0,0
40,1.8308046381529302,AengMixer,410000.0,0
41,1.8435437105223451,AengMixer,420000.0,0
42,1.897434968417877,AengMixer,430000.0,0
43,1.9435479747343027,AengMixer,440000.0,0
44,1.9752383797874433,AengMixer,450000.0,0
45,2.000990703829956,AengMixer,460000.0,0
46,2.023992563063966,AengMixer,470000.0,0
47,2.052594050451174,AengMixer,480000.0,0
48,2.0692752403609402,AengMixer,490000.0,0
49,2.0747201922887535,AengMixer,500000.0,0
50,2.089276153831004,AengMixer,510000.0,0
51,2.1027209230648043,AengMixer,520000.0,0
52,2.1072767384518447,AengMixer,530000.0,0
53,2.117921390761477,AengMixer,540000.0,0
54,2.1218371126091826,AengMixer,550000.0,0
55,2.1359696900873475,AengMixer,560000.0,0
56,2.1447757520698794,AengMixer,570000.0,0
57,2.152820601655905,AengMixer,580000.0,0
58,2.160656481324725,AengMixer,590000.0,0
59,2.164025185059781,AengMixer,600000.0,0
60,2.173120148047826,AengMixer,610000.0,0
61,2.175096118438262,AengMixer,620000.0,0
62,2.1812768947506105,AengMixer,630000.0,0
63,2.1833215158004897,AengMixer,640000.0,0
64,2.194757212640393,AengMixer,650000.0,0
65,2.1982057701123154,AengMixer,660000.0,0
66,2.2040646160898536,AengMixer,670000.0,0
67,2.209451692871884,AengMixer,680000.0,0
68,2.2090613542975084,AengMixer,690000.0,0
69,2.2066490834380077,AengMixer,700000.0,0
70,2.2091192667504074,AengMixer,710000.0,0
71,2.209495413400327,AengMixer,720000.0,0
72,2.2067963307202625,AengMixer,730000.0,0
73,2.2106370645762112,AengMixer,740000.0,0
74,2.2112096516609703,AengMixer,750000.0,0
75,2.2112677213287775,AengMixer,760000.0,0
76,2.208614177063023,AengMixer,770000.0,0
77,2.2080913416504195,AengMixer,780000.0,0
78,2.214573073320337,AengMixer,790000.0,0
79,2.214058458656271,AengMixer,800000.0,0
80,2.2113467669250175,AengMixer,810000.0,0
81,2.212977413540015,AengMixer,820000.0,0
82,2.218181930832013,AengMixer,830000.0,0
83,2.221845544665612,AengMixer,840000.0,0
84,2.2235764357324905,AengMixer,850000.0,0
85,2.2278611485859936,AengMixer,860000.0,0
86,2.2221889188687958,AengMixer,870000.0,0
87,2.228051135095038,AengMixer,880000.0,0
88,2.2307409080760316,AengMixer,890000.0,0
89,2.2371927264608265,AengMixer,900000.0,0
90,2.2379541811686625,AengMixer,910000.0,0
91,2.2332633449349313,AengMixer,920000.0,0
92,2.233410675947946,AengMixer,930000.0,0
93,2.235328540758358,AengMixer,940000.0,0
94,2.2361628326066874,AengMixer,950000.0,0
95,2.232030266085351,AengMixer,960000.0,0
96,2.2295242128682817,AengMixer,970000.0,0
97,2.2313193702946266,AengMixer,980000.0,0
98,2.2337554962357022,AengMixer,990000.0,0
99,2.233004396988563,AengMixer,1000000.0,0
0,0.0005000000000000026,MAT-Dec,10000.0,0
1,0.023099999999999943,MAT-Dec,20000.0,0
2,0.03827999999999991,MAT-Dec,30000.0,0
3,0.05712399999999987,MAT-Dec,40000.0,0
4,0.13549919999999982,MAT-Dec,50000.0,0
5,0.1673993599999998,MAT-Dec,60000.0,0
6,0.20451948799999975,MAT-Dec,70000.0,0
7,0.2704155903999998,MAT-Dec,80000.0,0
8,0.3888324723200002,MAT-Dec,90000.0,0
9,0.5224659778560006,MAT-Dec,100000.0,0
10,0.627172782284801,MAT-Dec,110000.0,0
11,0.6198382258278408,MAT-Dec,120000.0,0
12,0.678570580662273,MAT-Dec,130000.0,0
13,0.7780564645298189,MAT-Dec,140000.0,0
14,0.8222451716238556,MAT-Dec,150000.0,0
15,0.9192961372990851,MAT-Dec,160000.0,0
16,0.9406369098392685,MAT-Dec,170000.0,0
17,1.0056095278714154,MAT-Dec,180000.0,0
18,1.061287622297133,MAT-Dec,190000.0,0
19,1.1177300978377072,MAT-Dec,200000.0,0
20,1.1413840782701663,MAT-Dec,210000.0,0
21,1.1530072626161336,MAT-Dec,220000.0,0
22,1.1910058100929075,MAT-Dec,230000.0,0
23,1.2182046480743267,MAT-Dec,240000.0,0
24,1.238363718459462,MAT-Dec,250000.0,0
25,1.2904909747675704,MAT-Dec,260000.0,0
26,1.310592779814057,MAT-Dec,270000.0,0
27,1.3349742238512463,MAT-Dec,280000.0,0
28,1.3550793790809978,MAT-Dec,290000.0,0
29,1.3929635032647991,MAT-Dec,300000.0,0
30,1.4035708026118399,MAT-Dec,310000.0,0
31,1.4131566420894726,MAT-Dec,320000.0,0
32,1.3989253136715787,MAT-Dec,330000.0,0
33,1.4462402509372638,MAT-Dec,340000.0,0
34,1.4918922007498119,MAT-Dec,350000.0,0
35,1.5176137605998505,MAT-Dec,360000.0,0
36,1.5497910084798816,MAT-Dec,370000.0,0
37,1.5772328067839063,MAT-Dec,380000.0,0
38,1.572886245427126,MAT-Dec,390000.0,0
39,1.5936089963417017,MAT-Dec,400000.0,0
40,1.6180871970733626,MAT-Dec,410000.0,0
41,1.658869757658691,MAT-Dec,420000.0,0
42,1.6835958061269538,MAT-Dec,430000.0,0
43,1.7237766449015641,MAT-Dec,440000.0,0
44,1.7480213159212525,MAT-Dec,450000.0,0
45,1.7812170527370033,MAT-Dec,460000.0,0
46,1.8124736421896037,MAT-Dec,470000.0,0
47,1.840978913751684,MAT-Dec,480000.0,0
48,1.8679831310013484,MAT-Dec,490000.0,0
49,1.8870865048010796,MAT-Dec,500000.0,0
50,1.9041692038408649,MAT-Dec,510000.0,0
51,1.911135363072693,MAT-Dec,520000.0,0
52,1.9253082904581555,MAT-Dec,530000.0,0
53,1.9338466323665255,MAT-Dec,540000.0,0
54,1.9497773058932215,MAT-Dec,550000.0,0
55,1.9600218447145783,MAT-Dec,560000.0,0
56,1.9700174757716638,MAT-Dec,570000.0,0
57,1.973813980617332,MAT-Dec,580000.0,0
58,1.9757511844938667,MAT-Dec,590000.0,0
59,1.9737009475950946,MAT-Dec,600000.0,0
60,1.9852607580760768,MAT-Dec,610000.0,0
61,1.9909086064608625,MAT-Dec,620000.0,0
62,1.9952268851686912,MAT-Dec,630000.0,0
63,1.9918815081349541,MAT-Dec,640000.0,0
64,1.9981052065079643,MAT-Dec,650000.0,0
65,1.9970841652063727,MAT-Dec,660000.0,0
66,2.0069673321650994,MAT-Dec,670000.0,0
67,2.0036738657320807,MAT-Dec,680000.0,0
68,2.0164390925856654,MAT-Dec,690000.0,0
69,2.0160512740685337,MAT-Dec,700000.0,0
70,2.0183410192548283,MAT-Dec,710000.0,0
71,2.0155728154038637,MAT-Dec,720000.0,0
72,2.018058252323092,MAT-Dec,730000.0,0
73,2.024446601858475,MAT-Dec,740000.0,0
74,2.010357281486781,MAT-Dec,750000.0,0
75,2.010985825189426,MAT-Dec,760000.0,0
76,2.010288660151542,MAT-Dec,770000.0,0
77,2.0029309281212346,MAT-Dec,780000.0,0
78,2.0057447424969888,MAT-Dec,790000.0,0
79,2.014895793997592,MAT-Dec,800000.0,0
80,2.013016635198075,MAT-Dec,810000.0,0
81,2.015413308158461,MAT-Dec,820000.0,0
82,2.0148306465267702,MAT-Dec,830000.0,0
83,2.0115645172214176,MAT-Dec,840000.0,0
84,2.0183516137771353,MAT-Dec,850000.0,0
85,2.0226812910217093,MAT-Dec,860000.0,0
86,2.0277450328173687,MAT-Dec,870000.0,0
87,2.032896026253896,MAT-Dec,880000.0,0
88,2.0346168210031177,MAT-Dec,890000.0,0
89,2.0386934568024953,MAT-Dec,900000.0,0
90,2.036354765441997,MAT-Dec,910000.0,0
91,2.036183812353599,MAT-Dec,920000.0,0
92,2.0368470498828803,MAT-Dec,930000.0,0
93,2.0329776399063055,MAT-Dec,940000.0,0
94,2.0334821119250455,MAT-Dec,950000.0,0
95,2.0283856895400376,MAT-Dec,960000.0,0
96,2.030208551632031,MAT-Dec,970000.0,0
97,2.0332668413056263,MAT-Dec,980000.0,0
98,2.0326134730445022,MAT-Dec,990000.0,0
99,2.0332907784356027,MAT-Dec,1000000.0,0
0,0.044999999999999866,MAT-Dec,10000.0,0
1,0.04599999999999987,MAT-Dec,20000.0,0
2,0.05839999999999985,MAT-Dec,30000.0,0
3,0.07151999999999983,MAT-Dec,40000.0,0
4,0.11351599999999981,MAT-Dec,50000.0,0
5,0.1571127999999998,MAT-Dec,60000.0,0
6,0.22959023999999983,MAT-Dec,70000.0,0
7,0.21267219199999982,MAT-Dec,80000.0,0
8,0.23803775359999976,MAT-Dec,90000.0,0
9,0.2701302028799998,MAT-Dec,100000.0,0
10,0.32930416230399984,MAT-Dec,110000.0,0
11,0.3950433298432001,MAT-Dec,120000.0,0
12,0.5214346638745606,MAT-Dec,130000.0,0
13,0.6773477310996492,MAT-Dec,140000.0,0
14,0.8344781848797203,MAT-Dec,150000.0,0
15,0.944082547903777,MAT-Dec,160000.0,0
16,1.0345660383230224,MAT-Dec,170000.0,0
17,1.1224528306584187,MAT-Dec,180000.0,0
18,1.1783622645267358,MAT-Dec,190000.0,0
19,1.2261898116213894,MAT-Dec,200000.0,0
20,1.2775518492971123,MAT-Dec,210000.0,0
21,1.3073414794376907,MAT-Dec,220000.0,0
22,1.3128731835501535,MAT-Dec,230000.0,0
23,1.3415985468401237,MAT-Dec,240000.0,0
24,1.3634788374720999,MAT-Dec,250000.0,0
25,1.4017830699776808,MAT-Dec,260000.0,0
26,1.4195264559821454,MAT-Dec,270000.0,0
27,1.4315211647857171,MAT-Dec,280000.0,0
28,1.4291169318285744,MAT-Dec,290000.0,0
29,1.4319935454628603,MAT-Dec,300000.0,0
30,1.411394836370289,MAT-Dec,310000.0,0
31,1.399715869096232,MAT-Dec,320000.0,0
32,1.4254726952769863,MAT-Dec,330000.0,0
33,1.44067815622159,MAT-Dec,340000.0,0
34,1.440742524977273,MAT-Dec,350000.0,0
35,1.436994019981819,MAT-Dec,360000.0,0
36,1.458695215985456,MAT-Dec,370000.0,0
37,1.4871561727883658,MAT-Dec,380000.0,0
38,1.5125249382306936,MAT-Dec,390000.0,0
39,1.524619950584556,MAT-Dec,400000.0,0
40,1.5493959604676457,MAT-Dec,410000.0,0
41,1.5676167683741176,MAT-Dec,420000.0,0
42,1.5933934146992952,MAT-Dec,430000.0,0
43,1.582614731759437,MAT-Dec,440000.0,0
44,1.6064917854075507,MAT-Dec,450000.0,0
45,1.6077934283260416,MAT-Dec,460000.0,0
46,1.6282347426608341,MAT-Dec,470000.0,0
47,1.6425877941286684,MAT-Dec,480000.0,0
48,1.6450702353029356,MAT-Dec,490000.0,0
49,1.6455561882423493,MAT-Dec,500000.0,0
50,1.6416449505938804,MAT-Dec,510000.0,0
51,1.6541159604751052,MAT-Dec,520000.0,0
52,1.6484927683800854,MAT-Dec,530000.0,0
53,1.6338942147040691,MAT-Dec,540000.0,0
54,1.6578153717632562,MAT-Dec,550000.0,0
55,1.6617522974106058,MAT-Dec,560000.0,0
56,1.6730018379284854,MAT-Dec,570000.0,0
57,1.6430014703427893,MAT-Dec,580000.0,0
58,1.6494011762742327,MAT-Dec,590000.0,0
59,1.6359209410193871,MAT-Dec,600000.0,0
60,1.5976367528155107,MAT-Dec,610000.0,0
61,1.6287094022524096,MAT-Dec,620000.0,0
62,1.6605675218019287,MAT-Dec,630000.0,0
63,1.700654017441544,MAT-Dec,640000.0,0
64,1.7419232139532363,MAT-Dec,650000.0,0
65,1.7711385711625902,MAT-Dec,660000.0,0
66,1.7886108569300734,MAT-Dec,670000.0,0
67,1.8060886855440597,MAT-Dec,680000.0,0
68,1.829370948435249,MAT-Dec,690000.0,0
69,1.8420967587482002,MAT-Dec,700000.0,0
70,1.8568774069985614,MAT-Dec,710000.0,0
71,1.8744019255988502,MAT-Dec,720000.0,0
72,1.8909215404790813,MAT-Dec,730000.0,0
73,1.887037232383266,MAT-Dec,740000.0,0
74,1.892729785906614,MAT-Dec,750000.0,0
75,1.8995838287252922,MAT-Dec,760000.0,0
76,1.908867062980235,MAT-Dec,770000.0,0
77,1.9177936503841893,MAT-Dec,780000.0,0
78,1.9211349203073524,MAT-Dec,790000.0,0
79,1.920807936245883,MAT-Dec,800000.0,0
80,1.9341463489967075,MAT-Dec,810000.0,0
81,1.9403170791973672,MAT-Dec,820000.0,0
82,1.9441536633578949,MAT-Dec,830000.0,0
83,1.9499229306863168,MAT-Dec,840000.0,0
84,1.9475383445490546,MAT-Dec,850000.0,0
85,1.9565306756392447,MAT-Dec,860000.0,0
86,1.956224540511397,MAT-Dec,870000.0,0
87,1.9551796324091186,MAT-Dec,880000.0,0
88,1.963543705927296,MAT-Dec,890000.0,0
89,1.9634349647418379,MAT-Dec,900000.0,0
90,1.9538479717934716,MAT-Dec,910000.0,0
91,1.9663783774347785,MAT-Dec,920000.0,0
92,1.978702701947824,MAT-Dec,930000.0,0
93,1.9765621615582605,MAT-Dec,940000.0,0
94,1.9750497292466096,MAT-Dec,950000.0,0
95,1.9789397833972888,MAT-Dec,960000.0,0
96,1.973451826717832,MAT-Dec,970000.0,0
97,1.9722614613742668,MAT-Dec,980000.0,0
98,1.9763091690994146,MAT-Dec,990000.0,0
99,1.9787473352795328,MAT-Dec,1000000.0,0
0,0.15799999999999978,MAT-Dec,10000.0,0
1,0.16219999999999976,MAT-Dec,20000.0,0
2,0.19265999999999975,MAT-Dec,30000.0,0
3,0.2192279999999997,MAT-Dec,40000.0,0
4,0.2189823999999997,MAT-Dec,50000.0,0
5,0.24618591999999961,MAT-Dec,60000.0,0
6,0.2896487359999996,MAT-Dec,70000.0,0
7,0.3374189887999996,MAT-Dec,80000.0,0
8,0.4086351910399997,MAT-Dec,90000.0,0
9,0.48880815283199996,MAT-Dec,100000.0,0
10,0.5446465222656003,MAT-Dec,110000.0,0
11,0.6167172178124805,MAT-Dec,120000.0,0
12,0.6736737742499848,MAT-Dec,130000.0,0
13,0.7795390193999885,MAT-Dec,140000.0,0
14,0.8622312155199914,MAT-Dec,150000.0,0
15,0.9473849724159937,MAT-Dec,160000.0,0
16,1.0233079779327956,MAT-Dec,170000.0,0
17,1.0920463823462372,MAT-Dec,180000.0,0
18,1.1446371058769906,MAT-Dec,190000.0,0
19,1.2002096847015933,MAT-Dec,200000.0,0
20,1.2394677477612754,MAT-Dec,210000.0,0
21,1.261174198209021,MAT-Dec,220000.0,0
22,1.2736393585672174,MAT-Dec,230000.0,0
23,1.2621114868537746,MAT-Dec,240000.0,0
24,1.2871891894830205,MAT-Dec,250000.0,0
25,1.3148513515864173,MAT-Dec,260000.0,0
26,1.3670810812691347,MAT-Dec,270000.0,0
27,1.3997648650153087,MAT-Dec,280000.0,0
28,1.4461118920122478,MAT-Dec,290000.0,0
29,1.4839895136097991,MAT-Dec,300000.0,0
30,1.5119916108878402,MAT-Dec,310000.0,0
31,1.503693288710273,MAT-Dec,320000.0,0
32,1.5337546309682193,MAT-Dec,330000.0,0
33,1.5490037047745764,MAT-Dec,340000.0,0
34,1.5170029638196618,MAT-Dec,350000.0,0
35,1.5559023710557305,MAT-Dec,360000.0,0
36,1.5759218968445854,MAT-Dec,370000.0,0
37,1.5635375174756692,MAT-Dec,380000.0,0
38,1.5921300139805363,MAT-Dec,390000.0,0
39,1.59510401118443,MAT-Dec,400000.0,0
40,1.6358832089475448,MAT-Dec,410000.0,0
41,1.661806567158037,MAT-Dec,420000.0,0
42,1.700045253726431,MAT-Dec,430000.0,0
43,1.5605362029811451,MAT-Dec,440000.0,0
44,1.5944289623849173,MAT-Dec,450000.0,0
45,1.6092431699079348,MAT-Dec,460000.0,0
46,1.6288945359263487,MAT-Dec,470000.0,0
47,1.67691562874108,MAT-Dec,480000.0,0
48,1.696632502992865,MAT-Dec,490000.0,0
49,1.7307060023942933,MAT-Dec,500000.0,0
50,1.7527648019154356,MAT-Dec,510000.0,0
51,1.7679118415323496,MAT-Dec,520000.0,0
52,1.7817294732258808,MAT-Dec,530000.0,0
53,1.8021835785807057,MAT-Dec,540000.0,0
54,1.8169468628645657,MAT-Dec,550000.0,0
55,1.8354574902916536,MAT-Dec,560000.0,0
56,1.839265992233324,MAT-Dec,570000.0,0
57,1.8472127937866605,MAT-Dec,580000.0,0
58,1.8581702350293294,MAT-Dec,590000.0,0
59,1.8740361880234646,MAT-Dec,600000.0,0
60,1.8809289504187727,MAT-Dec,610000.0,0
61,1.8995431603350195,MAT-Dec,620000.0,0
62,1.9043345282680169,MAT-Dec,630000.0,0
63,1.9100676226144144,MAT-Dec,640000.0,0
64,1.9161540980915326,MAT-Dec,650000.0,0
65,1.937623278473227,MAT-Dec,660000.0,0
66,1.9500986227785828,MAT-Dec,670000.0,0
67,1.9520788982228674,MAT-Dec,680000.0,0
68,1.956063118578295,MAT-Dec,690000.0,0
69,1.9538504948626372,MAT-Dec,700000.0,0
70,1.951880395890111,MAT-Dec,710000.0,0
71,1.9655043167120898,MAT-Dec,720000.0,0
72,1.961103453369673,MAT-Dec,730000.0,0
73,1.9675827626957396,MAT-Dec,740000.0,0
74,1.968966210156593,MAT-Dec,750000.0,0
75,1.9613729681252754,MAT-Dec,760000.0,0
76,1.9682983745002216,MAT-Dec,770000.0,0
77,1.9708386996001783,MAT-Dec,780000.0,0
78,1.9655709596801438,MAT-Dec,790000.0,0
79,1.9547567677441162,MAT-Dec,800000.0,0
80,1.972705414195294,MAT-Dec,810000.0,0
81,1.9788643313562364,MAT-Dec,820000.0,0
82,1.9901914650849903,MAT-Dec,830000.0,0
83,1.9987531720679934,MAT-Dec,840000.0,0
84,2.006102537654396,MAT-Dec,850000.0,0
85,2.015182030123518,MAT-Dec,860000.0,0
86,2.0119456240988156,MAT-Dec,870000.0,0
87,2.0135564992790536,MAT-Dec,880000.0,0
88,2.013745199423244,MAT-Dec,890000.0,0
89,2.009696159538596,MAT-Dec,900000.0,0
90,2.006756927630878,MAT-Dec,910000.0,0
91,2.006405542104704,MAT-Dec,920000.0,0
92,2.009724433683764,MAT-Dec,930000.0,0
93,2.0039795469470123,MAT-Dec,940000.0,0
94,2.0002836375576107,MAT-Dec,950000.0,0
95,2.0048269100460896,MAT-Dec,960000.0,0
96,2.007161528036873,MAT-Dec,970000.0,0
97,2.0025292224294993,MAT-Dec,980000.0,0
98,1.9945233779436005,MAT-Dec,990000.0,0
99,1.9958187023548815,MAT-Dec,1000000.0,0
0,0.11899999999999959,MAT,10000.0,0
1,0.11989999999999967,MAT,20000.0,0
2,0.10441999999999972,MAT,30000.0,0
3,0.10993599999999973,MAT,40000.0,0
4,0.10974879999999974,MAT,50000.0,0
5,0.11759903999999975,MAT,60000.0,0
6,0.10937923199999977,MAT,70000.0,0
7,0.13800338559999975,MAT,80000.0,0
8,0.16990270847999966,MAT,90000.0,0
9,0.29602216678400006,MAT,100000.0,0
10,0.40161773342720036,MAT,110000.0,0
11,0.7160941867417614,MAT,120000.0,0
12,0.9815753493934102,MAT,130000.0,0
13,1.2036602795147293,MAT,140000.0,0
14,1.3966282236117846,MAT,150000.0,0
15,1.5553025788894288,MAT,160000.0,0
16,1.6963420631115445,MAT,170000.0,0
17,1.8125736504892367,MAT,180000.0,0
18,1.9165589203913906,MAT,190000.0,0
19,1.9997471363131136,MAT,200000.0,0
20,2.068097709050492,MAT,210000.0,0
21,2.123678167240395,MAT,220000.0,0
22,2.173842533792317,MAT,230000.0,0
23,2.214374027033855,MAT,240000.0,0
24,2.2463992216270854,MAT,250000.0,0
25,2.2718193773016697,MAT,260000.0,0
26,2.293055501841337,MAT,270000.0,0
27,2.319444401473071,MAT,280000.0,0
28,2.336855521178458,MAT,290000.0,0
29,2.3450844169427674,MAT,300000.0,0
30,2.363067533554215,MAT,310000.0,0
31,2.380854026843373,MAT,320000.0,0
32,2.3904832214746996,MAT,330000.0,0
33,2.398886577179761,MAT,340000.0,0
34,2.41210926174381,MAT,350000.0,0
35,2.4216874093950493,MAT,360000.0,0
36,2.423749927516041,MAT,370000.0,0
37,2.430999942012834,MAT,380000.0,0
38,2.4387999536102685,MAT,390000.0,0
39,2.441339962888216,MAT,400000.0,0
40,2.449371970310574,MAT,410000.0,0
41,2.4491975762484604,MAT,420000.0,0
42,2.4569580609987693,MAT,430000.0,0
43,2.4574664487990168,MAT,440000.0,0
44,2.456573159039215,MAT,450000.0,0
45,2.453058527231373,MAT,460000.0,0
46,2.4538468217851,MAT,470000.0,0
47,2.454277457428081,MAT,480000.0,0
48,2.454921965942466,MAT,490000.0,0
49,2.454837572753974,MAT,500000.0,0
50,2.4596700582031805,MAT,510000.0,0
51,2.4693360465625456,MAT,520000.0,0
52,2.472968837250038,MAT,530000.0,0
53,2.479275069800032,MAT,540000.0,0
54,2.479320055840027,MAT,550000.0,0
55,2.4705560446720227,MAT,560000.0,0
56,2.4676448357376195,MAT,570000.0,0
57,2.473015868590097,MAT,580000.0,0
58,2.4711126948720787,MAT,590000.0,0
59,2.4695901558976643,MAT,600000.0,0
60,2.473472124718133,MAT,610000.0,0
61,2.4762776997745073,MAT,620000.0,0
62,2.480222159819607,MAT,630000.0,0
63,2.4838777278556865,MAT,640000.0,0
64,2.4846021822845508,MAT,650000.0,0
65,2.494281745827642,MAT,660000.0,0
66,2.502625396662115,MAT,670000.0,0
67,2.511100317329693,MAT,680000.0,0
68,2.513580253863756,MAT,690000.0,0
69,2.509364203091006,MAT,700000.0,0
70,2.508391362472806,MAT,710000.0,0
71,2.508413089978246,MAT,720000.0,0
72,2.5062304719825983,MAT,730000.0,0
73,2.51548437758608,MAT,740000.0,0
74,2.5143875020688653,MAT,750000.0,0
75,2.512810001655094,MAT,760000.0,0
76,2.5125480013240766,MAT,770000.0,0
77,2.508338401059263,MAT,780000.0,0
78,2.5098707208474114,MAT,790000.0,0
79,2.51049657667793,MAT,800000.0,0
80,2.5113972613423456,MAT,810000.0,0
81,2.509117809073878,MAT,820000.0,0
82,2.5128942472591036,MAT,830000.0,0
83,2.5156153978072844,MAT,840000.0,0
84,2.5148923182458285,MAT,850000.0,0
85,2.516413854596664,MAT,860000.0,0
86,2.5172310836773324,MAT,870000.0,0
87,2.5202848669418674,MAT,880000.0,0
88,2.5244278935534954,MAT,890000.0,0
89,2.5265423148427972,MAT,900000.0,0
90,2.531833851874239,MAT,910000.0,0
91,2.5306670814993923,MAT,920000.0,0
92,2.536633665199515,MAT,930000.0,0
93,2.5327069321596136,MAT,940000.0,0
94,2.536565545727692,MAT,950000.0,0
95,2.533852436582155,MAT,960000.0,0
96,2.529681949265725,MAT,970000.0,0
97,2.531345559412581,MAT,980000.0,0
98,2.530676447530066,MAT,990000.0,0
99,2.530741158024054,MAT,1000000.0,0
0,-0.006499999999999995,MAT-Dec,10000.0,0
1,0.00049999999999999,MAT-Dec,20000.0,0
2,0.03039999999999992,MAT-Dec,30000.0,0
3,0.0427199999999999,MAT-Dec,40000.0,0
4,0.07057599999999985,MAT-Dec,50000.0,0
5,0.15206079999999977,MAT-Dec,60000.0,0
6,0.19134863999999968,MAT-Dec,70000.0,0
7,0.22247891199999964,MAT-Dec,80000.0,0
8,0.2742831295999997,MAT-Dec,90000.0,0
9,0.30622650367999965,MAT-Dec,100000.0,0
10,0.2955812029439997,MAT-Dec,110000.0,0
11,0.34826496235519966,MAT-Dec,120000.0,0
12,0.3964119698841598,MAT-Dec,130000.0,0
13,0.46072957590732794,MAT-Dec,140000.0,0
14,0.5298836607258626,MAT-Dec,150000.0,0
15,0.50990692858069,MAT-Dec,160000.0,0
16,0.5340255428645522,MAT-Dec,170000.0,0
17,0.6400204342916422,MAT-Dec,180000.0,0
18,0.7070163474333142,MAT-Dec,190000.0,0
19,0.7180130779466516,MAT-Dec,200000.0,0
20,0.7062104623573214,MAT-Dec,210000.0,0
21,0.7618683698858576,MAT-Dec,220000.0,0
22,0.7764946959086862,MAT-Dec,230000.0,0
23,0.8053957567269494,MAT-Dec,240000.0,0
24,0.82781660538156,MAT-Dec,250000.0,0
25,0.8443532843052484,MAT-Dec,260000.0,0
26,0.7979826274441988,MAT-Dec,270000.0,0
27,0.8187861019553594,MAT-Dec,280000.0,0
28,0.8185288815642877,MAT-Dec,290000.0,0
29,0.8811231052514307,MAT-Dec,300000.0,0
30,0.914298484201145,MAT-Dec,310000.0,0
31,0.8692387873609162,MAT-Dec,320000.0,0
32,0.9123910298887336,MAT-Dec,330000.0,0
33,0.9959128239109876,MAT-Dec,340000.0,0
34,1.0426302591287908,MAT-Dec,350000.0,0
35,0.988704207303033,MAT-Dec,360000.0,0
36,0.9887633658424269,MAT-Dec,370000.0,0
37,1.0452106926739422,MAT-Dec,380000.0,0
38,1.1451685541391545,MAT-Dec,390000.0,0
39,1.2295348433113245,MAT-Dec,400000.0,0
40,1.3040278746490603,MAT-Dec,410000.0,0
41,1.3645222997192492,MAT-Dec,420000.0,0
42,1.3932178397754003,MAT-Dec,430000.0,0
43,1.425674271820321,MAT-Dec,440000.0,0
44,1.4688394174562578,MAT-Dec,450000.0,0
45,1.499371533965007,MAT-Dec,460000.0,0
46,1.5159972271720066,MAT-Dec,470000.0,0
47,1.5369977817376064,MAT-Dec,480000.0,0
48,1.5704982253900863,MAT-Dec,490000.0,0
49,1.60759858031207,MAT-Dec,500000.0,0
50,1.640178864249657,MAT-Dec,510000.0,0
51,1.6859430913997269,MAT-Dec,520000.0,0
52,1.6885544731197824,MAT-Dec,530000.0,0
53,1.707943578495827,MAT-Dec,540000.0,0
54,1.6900548627966625,MAT-Dec,550000.0,0
55,1.6760438902373311,MAT-Dec,560000.0,0
56,1.674535112189866,MAT-Dec,570000.0,0
57,1.676028089751894,MAT-Dec,580000.0,0
58,1.6913224718015163,MAT-Dec,590000.0,0
59,1.713357977441214,MAT-Dec,600000.0,0
60,1.7083863819529723,MAT-Dec,610000.0,0
61,1.721309105562379,MAT-Dec,620000.0,0
62,1.694547284449904,MAT-Dec,630000.0,0
63,1.6814378275599244,MAT-Dec,640000.0,0
64,1.6877502620479405,MAT-Dec,650000.0,0
65,1.6779002096383535,MAT-Dec,660000.0,0
66,1.694920167710684,MAT-Dec,670000.0,0
67,1.7093361341685482,MAT-Dec,680000.0,0
68,1.7119689073348396,MAT-Dec,690000.0,0
69,1.735375125867873,MAT-Dec,700000.0,0
70,1.7343001006942993,MAT-Dec,710000.0,0
71,1.7368400805554405,MAT-Dec,720000.0,0
72,1.7284720644443534,MAT-Dec,730000.0,0
73,1.7259776515554837,MAT-Dec,740000.0,0
74,1.7421821212443878,MAT-Dec,750000.0,0
75,1.7539456969955112,MAT-Dec,760000.0,0
76,1.74255655759641,MAT-Dec,770000.0,0
77,1.7552452460771288,MAT-Dec,780000.0,0
78,1.736496196861704,MAT-Dec,790000.0,0
79,1.7412969574893644,MAT-Dec,800000.0,0
80,1.7171375659914925,MAT-Dec,810000.0,0
81,1.701510052793195,MAT-Dec,820000.0,0
82,1.725608042234557,MAT-Dec,830000.0,0
83,1.7498864337876465,MAT-Dec,840000.0,0
84,1.7634091470301183,MAT-Dec,850000.0,0
85,1.7806273176240957,MAT-Dec,860000.0,0
86,1.7631018540992776,MAT-Dec,870000.0,0
87,1.7663814832794231,MAT-Dec,880000.0,0
88,1.7566051866235395,MAT-Dec,890000.0,0
89,1.7499841492988326,MAT-Dec,900000.0,0
90,1.765287319439067,MAT-Dec,910000.0,0
91,1.7965298555512548,MAT-Dec,920000.0,0
92,1.8084238844410048,MAT-Dec,930000.0,0
93,1.813039107552805,MAT-Dec,940000.0,0
94,1.810431286042245,MAT-Dec,950000.0,0
95,1.818245028833797,MAT-Dec,960000.0,0
96,1.8242960230670386,MAT-Dec,970000.0,0
97,1.8386368184536321,MAT-Dec,980000.0,0
98,1.8547094547629068,MAT-Dec,990000.0,0
99,1.8691675638103267,MAT-Dec,1000000.0,0
0,-0.005999999999999993,MAT-Dec,10000.0,0
1,0.0073999999999999795,MAT-Dec,20000.0,0
2,0.025919999999999964,MAT-Dec,30000.0,0
3,0.09283599999999988,MAT-Dec,40000.0,0
4,0.10736879999999985,MAT-Dec,50000.0,0
5,0.12389503999999982,MAT-Dec,60000.0,0
6,0.16681603199999967,MAT-Dec,70000.0,0
7,0.21925282559999967,MAT-Dec,80000.0,0
8,0.28890226047999973,MAT-Dec,90000.0,0
9,0.4157218083840001,MAT-Dec,100000.0,0
10,0.5446774467072006,MAT-Dec,110000.0,0
11,0.6671419573657611,MAT-Dec,120000.0,0
12,0.7892135658926094,MAT-Dec,130000.0,0
13,0.9022708527140882,MAT-Dec,140000.0,0
14,1.0064166821712712,MAT-Dec,150000.0,0
15,1.0762333457370177,MAT-Dec,160000.0,0
16,1.134286676589615,MAT-Dec,170000.0,0
17,1.1883293412716927,MAT-Dec,180000.0,0
18,1.2229634730173549,MAT-Dec,190000.0,0
19,1.290470778413885,MAT-Dec,200000.0,0
20,1.3379766227311087,MAT-Dec,210000.0,0
21,1.3643812981848877,MAT-Dec,220000.0,0
22,1.407105038547911,MAT-Dec,230000.0,0
23,1.4592840308383295,MAT-Dec,240000.0,0
24,1.5017272246706646,MAT-Dec,250000.0,0
25,1.5229817797365326,MAT-Dec,260000.0,0
26,1.5425854237892271,MAT-Dec,270000.0,0
27,1.5763683390313827,MAT-Dec,280000.0,0
28,1.577394671225107,MAT-Dec,290000.0,0
29,1.6098157369800867,MAT-Dec,300000.0,0
30,1.6366525895840704,MAT-Dec,310000.0,0
31,1.6445220716672573,MAT-Dec,320000.0,0
32,1.6817176573338068,MAT-Dec,330000.0,0
33,1.7163741258670466,MAT-Dec,340000.0,0
34,1.7323993006936385,MAT-Dec,350000.0,0
35,1.755619440554912,MAT-Dec,360000.0,0
36,1.7597955524439304,MAT-Dec,370000.0,0
37,1.7601364419551453,MAT-Dec,380000.0,0
38,1.7810091535641173,MAT-Dec,390000.0,0
39,1.800307322851295,MAT-Dec,400000.0,0
40,1.817545858281037,MAT-Dec,410000.0,0
41,1.8302366866248307,MAT-Dec,420000.0,0
42,1.834489349299866,MAT-Dec,430000.0,0
43,1.8232914794398938,MAT-Dec,440000.0,0
44,1.832433183551916,MAT-Dec,450000.0,0
45,1.855746546841534,MAT-Dec,460000.0,0
46,1.8583972374732283,MAT-Dec,470000.0,0
47,1.8725177899785836,MAT-Dec,480000.0,0
48,1.886314231982868,MAT-Dec,490000.0,0
49,1.8920513855862957,MAT-Dec,500000.0,0
50,1.8974411084690377,MAT-Dec,510000.0,0
51,1.8997528867752314,MAT-Dec,520000.0,0
52,1.9168023094201863,MAT-Dec,530000.0,0
53,1.92184184753615,MAT-Dec,540000.0,0
54,1.925873478028921,MAT-Dec,550000.0,0
55,1.9375987824231378,MAT-Dec,560000.0,0
56,1.9421790259385112,MAT-Dec,570000.0,0
57,1.9507432207508102,MAT-Dec,580000.0,0
58,1.9651945766006491,MAT-Dec,590000.0,0
59,1.9824556612805204,MAT-Dec,600000.0,0
60,1.9956645290244175,MAT-Dec,610000.0,0
61,1.9964316232195352,MAT-Dec,620000.0,0
62,2.000645298575629,MAT-Dec,630000.0,0
63,2.0050162388605046,MAT-Dec,640000.0,0
64,2.0146129910884047,MAT-Dec,650000.0,0
65,2.008690392870725,MAT-Dec,660000.0,0
66,2.012652314296581,MAT-Dec,670000.0,0
67,2.0100218514372656,MAT-Dec,680000.0,0
68,2.0108174811498136,MAT-Dec,690000.0,0
69,2.010253984919852,MAT-Dec,700000.0,0
70,2.0016031879358827,MAT-Dec,710000.0,0
71,2.004982550348707,MAT-Dec,720000.0,0
72,2.0149860402789668,MAT-Dec,730000.0,0
73,2.0209888322231744,MAT-Dec,740000.0,0
74,2.021891065778541,MAT-Dec,750000.0,0
75,2.018812852622834,MAT-Dec,760000.0,0
76,2.0185502820982686,MAT-Dec,770000.0,0
77,2.027640225678616,MAT-Dec,780000.0,0
78,2.0225121805428943,MAT-Dec,790000.0,0
79,2.0208097444343167,MAT-Dec,800000.0,0
80,2.022847795547454,MAT-Dec,810000.0,0
81,2.0291782364379647,MAT-Dec,820000.0,0
82,2.028142589150373,MAT-Dec,830000.0,0
83,2.0308140713202993,MAT-Dec,840000.0,0
84,2.0309512570562407,MAT-Dec,850000.0,0
85,2.0338610056449937,MAT-Dec,860000.0,0
86,2.033588804515996,MAT-Dec,870000.0,0
87,2.031671043612798,MAT-Dec,880000.0,0
88,2.0302368348902395,MAT-Dec,890000.0,0
89,2.0232894679121927,MAT-Dec,900000.0,0
90,2.022131574329755,MAT-Dec,910000.0,0
91,2.0212052594638052,MAT-Dec,920000.0,0
92,2.025864207571045,MAT-Dec,930000.0,0
93,2.0323913660568373,MAT-Dec,940000.0,0
94,2.031813092845471,MAT-Dec,950000.0,0
95,2.024450474276378,MAT-Dec,960000.0,0
96,2.0252603794211037,MAT-Dec,970000.0,0
97,2.033608303536884,MAT-Dec,980000.0,0
98,2.0298866428295086,MAT-Dec,990000.0,0
99,2.032509314263608,MAT-Dec,1000000.0,0
0,0.01599999999999998,MAT,10000.0,0
1,0.016599999999999976,MAT,20000.0,0
2,0.05967999999999985,MAT,30000.0,0
3,0.09094399999999983,MAT,40000.0,0
4,0.10595519999999983,MAT,50000.0,0
5,0.11856415999999982,MAT,60000.0,0
6,0.14395132799999982,MAT,70000.0,0
7,0.16636106239999976,MAT,80000.0,0
8,0.1783888499199997,MAT,90000.0,0
9,0.19411107993599966,MAT,100000.0,0
10,0.2552888639487998,MAT,110000.0,0
11,0.38343109115904006,MAT,120000.0,0
12,0.6025448729272329,MAT,130000.0,0
13,0.7872358983417871,MAT,140000.0,0
14,1.0247887186734308,MAT,150000.0,0
15,1.2266309749387458,MAT,160000.0,0
16,1.4039047799509978,MAT,170000.0,0
17,1.5552238239607994,MAT,180000.0,0
18,1.6895790591686408,MAT,190000.0,0
19,1.803663247334914,MAT,200000.0,0
20,1.9083305978679324,MAT,210000.0,0
21,1.998064478294347,MAT,220000.0,0
22,2.0695515826354787,MAT,230000.0,0
23,2.1280412661083843,MAT,240000.0,0
24,2.1826330128867086,MAT,250000.0,0
25,2.2204064103093684,MAT,260000.0,0
26,2.2511251282474958,MAT,270000.0,0
27,2.282900102597998,MAT,280000.0,0
28,2.3092200820783995,MAT,290000.0,0
29,2.333776065662721,MAT,300000.0,0
30,2.354120852530178,MAT,310000.0,0
31,2.3755966820241436,MAT,320000.0,0
32,2.3842773456193163,MAT,330000.0,0
33,2.3890218764954545,MAT,340000.0,0
34,2.390317501196365,MAT,350000.0,0
35,2.3911540009570933,MAT,360000.0,0
36,2.3975232007656757,MAT,370000.0,0
37,2.406918560612542,MAT,380000.0,0
38,2.406734848490035,MAT,390000.0,0
39,2.4155878787920293,MAT,400000.0,0
40,2.420070303033625,MAT,410000.0,0
41,2.414756242426901,MAT,420000.0,0
42,2.4123049939415218,MAT,430000.0,0
43,2.4211439951532188,MAT,440000.0,0
44,2.424415196122576,MAT,450000.0,0
45,2.4277321568980623,MAT,460000.0,0
46,2.4343857255184513,MAT,470000.0,0
47,2.4416085804147625,MAT,480000.0,0
48,2.443086864331811,MAT,490000.0,0
49,2.44846949146545,MAT,500000.0,0
50,2.4518755931723613,MAT,510000.0,0
51,2.4474004745378903,MAT,520000.0,0
52,2.4456203796303138,MAT,530000.0,0
53,2.439496303704252,MAT,540000.0,0
54,2.447297042963403,MAT,550000.0,0
55,2.4500376343707235,MAT,560000.0,0
56,2.4501301074965802,MAT,570000.0,0
57,2.4600040859972654,MAT,580000.0,0
58,2.4522032687978137,MAT,590000.0,0
59,2.453962615038252,MAT,600000.0,0
60,2.457670092030603,MAT,610000.0,0
61,2.4515360736244833,MAT,620000.0,0
62,2.4560288588995878,MAT,630000.0,0
63,2.4648230871196715,MAT,640000.0,0
64,2.4706584696957385,MAT,650000.0,0
65,2.470526775756592,MAT,660000.0,0
66,2.4719214206052746,MAT,670000.0,0
67,2.478337136484221,MAT,680000.0,0
68,2.481569709187378,MAT,690000.0,0
69,2.4781557673499037,MAT,700000.0,0
70,2.4797246138799243,MAT,710000.0,0
71,2.4882796911039406,MAT,720000.0,0
72,2.486423752883154,MAT,730000.0,0
73,2.488339002306524,MAT,740000.0,0
74,2.4936712018452205,MAT,750000.0,0
75,2.4978369614761777,MAT,760000.0,0
76,2.4994695691809437,MAT,770000.0,0
77,2.5014756553447564,MAT,780000.0,0
78,2.5006805242758063,MAT,790000.0,0
79,2.501544419420646,MAT,800000.0,0
80,2.502535535536518,MAT,810000.0,0
81,2.506228428429216,MAT,820000.0,0
82,2.5094827427433737,MAT,830000.0,0
83,2.5138861941947,MAT,840000.0,0
84,2.5104089553557616,MAT,850000.0,0
85,2.5131271642846107,MAT,860000.0,0
86,2.51110173142769,MAT,870000.0,0
87,2.5018813851421533,MAT,880000.0,0
88,2.505405108113724,MAT,890000.0,0
89,2.5080240864909804,MAT,900000.0,0
90,2.5069192691927853,MAT,910000.0,0
91,2.5100354153542295,MAT,920000.0,0
92,2.514028332283385,MAT,930000.0,0
93,2.5126226658267092,MAT,940000.0,0
94,2.5099981326613685,MAT,950000.0,0
95,2.5088985061290963,MAT,960000.0,0
96,2.5009188049032782,MAT,970000.0,0
97,2.497135043922624,MAT,980000.0,0
98,2.5077080351381005,MAT,990000.0,0
99,2.5125664281104814,MAT,1000000.0,0
0,0.006500000000000027,MAT,10000.0,0
1,0.02899999999999999,MAT,20000.0,0
2,0.09029999999999981,MAT,30000.0,0
3,0.11783999999999978,MAT,40000.0,0
4,0.1349719999999998,MAT,50000.0,0
5,0.20357759999999975,MAT,60000.0,0
6,0.20456207999999973,MAT,70000.0,0
7,0.18394966399999976,MAT,80000.0,0
8,0.17045973119999974,MAT,90000.0,0
9,0.1816677849599997,MAT,100000.0,0
10,0.2448342279679997,MAT,110000.0,0
11,0.5742673823744008,MAT,120000.0,0
12,0.8748139058995217,MAT,130000.0,0
13,1.1220511247196185,MAT,140000.0,0
14,1.3325408997756958,MAT,150000.0,0
15,1.5061327198205576,MAT,160000.0,0
16,1.6590061758564472,MAT,170000.0,0
17,1.7798049406851588,MAT,180000.0,0
18,1.8897439525481283,MAT,190000.0,0
19,1.978195162038504,MAT,200000.0,0
20,2.0523561296308044,MAT,210000.0,0
21,2.116584903704645,MAT,220000.0,0
22,2.163767922963717,MAT,230000.0,0
23,2.210014338370975,MAT,240000.0,0
24,2.249711470696781,MAT,250000.0,0
25,2.2784691765574263,MAT,260000.0,0
26,2.301175341245942,MAT,270000.0,0
27,2.3293402729967547,MAT,280000.0,0
28,2.348172218397405,MAT,290000.0,0
29,2.3602377747179255,MAT,300000.0,0
30,2.366190219774342,MAT,310000.0,0
31,2.3869521758194745,MAT,320000.0,0
32,2.388461740655581,MAT,330000.0,0
33,2.3954693925244657,MAT,340000.0,0
34,2.399975514019574,MAT,350000.0,0
35,2.4121804112156604,MAT,360000.0,0
36,2.4213443289725296,MAT,370000.0,0
37,2.423375463178025,MAT,380000.0,0
38,2.422300370542421,MAT,390000.0,0
39,2.427240296433938,MAT,400000.0,0
40,2.4257922371471516,MAT,410000.0,0
41,2.4317337897177227,MAT,420000.0,0
42,2.4337870317741794,MAT,430000.0,0
43,2.437729625419345,MAT,440000.0,0
44,2.441783700335477,MAT,450000.0,0
45,2.443626960268383,MAT,460000.0,0
46,2.4414015682147077,MAT,470000.0,0
47,2.4418212545717672,MAT,480000.0,0
48,2.445857003657415,MAT,490000.0,0
49,2.447285602925933,MAT,500000.0,0
50,2.4473284823407475,MAT,510000.0,0
51,2.4434627858725992,MAT,520000.0,0
52,2.4553702286980807,MAT,530000.0,0
53,2.459296182958466,MAT,540000.0,0
54,2.452836946366774,MAT,550000.0,0
55,2.4530695570934204,MAT,560000.0,0
56,2.4580556456747376,MAT,570000.0,0
57,2.4620445165397915,MAT,580000.0,0
58,2.4689356132318343,MAT,590000.0,0
59,2.4741484905854687,MAT,600000.0,0
60,2.476918792468376,MAT,610000.0,0
61,2.4782350339747024,MAT,620000.0,0
62,2.481488027179763,MAT,630000.0,0
63,2.482390421743812,MAT,640000.0,0
64,2.474912337395051,MAT,650000.0,0
65,2.480029869916042,MAT,660000.0,0
66,2.4834238959328347,MAT,670000.0,0
67,2.489539116746269,MAT,680000.0,0
68,2.492731293397016,MAT,690000.0,0
69,2.490585034717614,MAT,700000.0,0
70,2.4934680277740924,MAT,710000.0,0
71,2.4899744222192752,MAT,720000.0,0
72,2.4803795377754216,MAT,730000.0,0
73,2.4871036302203384,MAT,740000.0,0
74,2.488182904176272,MAT,750000.0,0
75,2.492646323341019,MAT,760000.0,0
76,2.4930170586728164,MAT,770000.0,0
77,2.4986136469382543,MAT,780000.0,0
78,2.497690917550605,MAT,790000.0,0
79,2.496352734040485,MAT,800000.0,0
80,2.4977821872323895,MAT,810000.0,0
81,2.492625749785913,MAT,820000.0,0
82,2.4957005998287314,MAT,830000.0,0
83,2.4974604798629865,MAT,840000.0,0
84,2.4911683838903906,MAT,850000.0,0
85,2.504734707112314,MAT,860000.0,0
86,2.5055877656898526,MAT,870000.0,0
87,2.5093702125518833,MAT,880000.0,0
88,2.503596170041508,MAT,890000.0,0
89,2.508076936033208,MAT,900000.0,0
90,2.5085615488265676,MAT,910000.0,0
91,2.5076492390612555,MAT,920000.0,0
92,2.5066193912490053,MAT,930000.0,0
93,2.5004955129992057,MAT,940000.0,0
94,2.499296410399366,MAT,950000.0,0
95,2.5039371283194938,MAT,960000.0,0
96,2.502549702655596,MAT,970000.0,0
97,2.508539762124478,MAT,980000.0,0
98,2.516531809699584,MAT,990000.0,0
99,2.5193254477596687,MAT,1000000.0,0
0,0.030499999999999892,MAT,10000.0,0
1,0.045099999999999835,MAT,20000.0,0
2,0.044279999999999854,MAT,30000.0,0
3,0.05002399999999985,MAT,40000.0,0
4,0.08451919999999988,MAT,50000.0,0
5,0.09201535999999988,MAT,60000.0,0
6,0.1547122879999999,MAT,70000.0,0
7,0.1693698303999998,MAT,80000.0,0
8,0.16209586431999978,MAT,90000.0,0
9,0.35157669145600035,MAT,100000.0,0
10,0.6407613531648013,MAT,110000.0,0
11,0.8756090825318421,MAT,120000.0,0
12,1.133387266025475,MAT,130000.0,0
13,1.351409812820381,MAT,140000.0,0
14,1.5177278502563059,MAT,150000.0,0
15,1.661982280205046,MAT,160000.0,0
16,1.785385824164038,MAT,170000.0,0
17,1.8787086593312314,MAT,180000.0,0
18,1.9690669274649863,MAT,190000.0,0
19,2.03555354197199,MAT,200000.0,0
20,2.0918428335775934,MAT,210000.0,0
21,2.149874266862076,MAT,220000.0,0
22,2.194099413489662,MAT,230000.0,0
23,2.2319795307917305,MAT,240000.0,0
24,2.2620836246333855,MAT,250000.0,0
25,2.2864668997067095,MAT,260000.0,0
26,2.3046735197653687,MAT,270000.0,0
27,2.3215388158122963,MAT,280000.0,0
28,2.339831052649838,MAT,290000.0,0
29,2.3485648421198717,MAT,300000.0,0
30,2.360151873695899,MAT,310000.0,0
31,2.3697214989567206,MAT,320000.0,0
32,2.3804771991653775,MAT,330000.0,0
33,2.3793817593323032,MAT,340000.0,0
34,2.3877054074658437,MAT,350000.0,0
35,2.3893643259726765,MAT,360000.0,0
36,2.3956914607781425,MAT,370000.0,0
37,2.4072531686225154,MAT,380000.0,0
38,2.4161025348980134,MAT,390000.0,0
39,2.4206820279184122,MAT,400000.0,0
40,2.4276456223347314,MAT,410000.0,0
41,2.4403164978677863,MAT,420000.0,0
42,2.4428531982942303,MAT,430000.0,0
43,2.4471825586353857,MAT,440000.0,0
44,2.4511460469083097,MAT,450000.0,0
45,2.4585168375266493,MAT,460000.0,0
46,2.462913470021321,MAT,470000.0,0
47,2.467730776017058,MAT,480000.0,0
48,2.471484620813648,MAT,490000.0,0
49,2.4777876966509194,MAT,500000.0,0
50,2.4717301573207364,MAT,510000.0,0
51,2.48048412585659,MAT,520000.0,0
52,2.4870873006852734,MAT,530000.0,0
53,2.48516984054822,MAT,540000.0,0
54,2.4880358724385774,MAT,550000.0,0
55,2.4944286979508634,MAT,560000.0,0
56,2.495842958360692,MAT,570000.0,0
57,2.4982743666885545,MAT,580000.0,0
58,2.503719493350845,MAT,590000.0,0
59,2.5094755946806773,MAT,600000.0,0
60,2.5113804757445433,MAT,610000.0,0
61,2.516604380595636,MAT,620000.0,0
62,2.51678350447651,MAT,630000.0,0
63,2.5156268035812093,MAT,640000.0,0
64,2.517401442864969,MAT,650000.0,0
65,2.518121154291977,MAT,660000.0,0
66,2.5192969234335827,MAT,670000.0,0
67,2.522037538746867,MAT,680000.0,0
68,2.518230030997495,MAT,690000.0,0
69,2.5191840247979975,MAT,700000.0,0
70,2.514347219838399,MAT,710000.0,0
71,2.5133777758707208,MAT,720000.0,0
72,2.510002220696578,MAT,730000.0,0
73,2.5144017765572637,MAT,740000.0,0
74,2.5113214212458126,MAT,750000.0,0
75,2.5107571369966517,MAT,760000.0,0
76,2.512205709597323,MAT,770000.0,0
77,2.51776456767786,MAT,780000.0,0
78,2.523711654142289,MAT,790000.0,0
79,2.5187693233138324,MAT,800000.0,0
80,2.5257154586510673,MAT,810000.0,0
81,2.533972366920855,MAT,820000.0,0
82,2.5314778935366853,MAT,830000.0,0
83,2.5339823148293497,MAT,840000.0,0
84,2.536785851863481,MAT,850000.0,0
85,2.536128681490786,MAT,860000.0,0
86,2.53400294519263,MAT,870000.0,0
87,2.5409023561541053,MAT,880000.0,0
88,2.5403218849232854,MAT,890000.0,0
89,2.5427575079386298,MAT,900000.0,0
90,2.5475060063509054,MAT,910000.0,0
91,2.547304805080725,MAT,920000.0,0
92,2.545743844064581,MAT,930000.0,0
93,2.5451950752516663,MAT,940000.0,0
94,2.5397560602013347,MAT,950000.0,0
95,2.534304848161069,MAT,960000.0,0
96,2.544143878528857,MAT,970000.0,0
97,2.5409151028230865,MAT,980000.0,0
98,2.5430320822584704,MAT,990000.0,0
99,2.5481256658067775,MAT,1000000.0,0
0,0.27699999999999964,MAT,10000.0,0
1,0.3069999999999996,MAT,20000.0,0
2,0.26009999999999966,MAT,30000.0,0
3,0.2225799999999997,MAT,40000.0,0
4,0.24996399999999966,MAT,50000.0,0
5,0.2292711999999997,MAT,60000.0,0
6,0.20651695999999975,MAT,70000.0,0
7,0.22691356799999973,MAT,80000.0,0
8,0.39163085440000034,MAT,90000.0,0
9,0.4840046835200006,MAT,100000.0,0
10,0.5445037468160008,MAT,110000.0,0
11,0.6645029974528012,MAT,120000.0,0
12,0.9117023979622421,MAT,130000.0,0
13,1.1423619183697948,MAT,140000.0,0
14,1.334889534695837,MAT,150000.0,0
15,1.4952116277566707,MAT,160000.0,0
16,1.6486693022053376,MAT,170000.0,0
17,1.7748354417642713,MAT,180000.0,0
18,1.8914683534114183,MAT,190000.0,0
19,1.977774682729136,MAT,200000.0,0
20,2.04731974618331,MAT,210000.0,0
21,2.1137557969466494,MAT,220000.0,0
22,2.1645046375573207,MAT,230000.0,0
23,2.2096037100458576,MAT,240000.0,0
24,2.246082968036687,MAT,250000.0,0
25,2.280566374429351,MAT,260000.0,0
26,2.310853099543482,MAT,270000.0,0
27,2.341082479634787,MAT,280000.0,0
28,2.3638659837078313,MAT,290000.0,0
29,2.3834927869662663,MAT,300000.0,0
30,2.3983942295730145,MAT,310000.0,0
31,2.406415383658413,MAT,320000.0,0
32,2.418932306926732,MAT,330000.0,0
33,2.439545845541387,MAT,340000.0,0
34,2.4479366764331107,MAT,350000.0,0
35,2.45624934114649,MAT,360000.0,0
36,2.461199472917193,MAT,370000.0,0
37,2.4664595783337555,MAT,380000.0,0
38,2.4776676626670056,MAT,390000.0,0
39,2.486534130133606,MAT,400000.0,0
40,2.489127304106886,MAT,410000.0,0
41,2.48860184328551,MAT,420000.0,0
42,2.4877814746284095,MAT,430000.0,0
43,2.494525179702729,MAT,440000.0,0
44,2.4886201437621844,MAT,450000.0,0
45,2.485296115009749,MAT,460000.0,0
46,2.4813368920078003,MAT,470000.0,0
47,2.481769513606242,MAT,480000.0,0
48,2.4786156108849946,MAT,490000.0,0
49,2.487592488707997,MAT,500000.0,0
50,2.4911739909663986,MAT,510000.0,0
51,2.49113919277312,MAT,520000.0,0
52,2.4932113542184973,MAT,530000.0,0
53,2.4913690833747992,MAT,540000.0,0
54,2.4910952666998405,MAT,550000.0,0
55,2.4902762133598735,MAT,560000.0,0
56,2.4881209706879,MAT,570000.0,0
57,2.4895967765503215,MAT,580000.0,0
58,2.493477421240258,MAT,590000.0,0
59,2.490281936992208,MAT,600000.0,0
60,2.4915255495937676,MAT,610000.0,0
61,2.4928204396750155,MAT,620000.0,0
62,2.4930563517400137,MAT,630000.0,0
63,2.4891450813920124,MAT,640000.0,0
64,2.491816065113611,MAT,650000.0,0
65,2.4955528520908903,MAT,660000.0,0
66,2.4928422816727136,MAT,670000.0,0
67,2.501273825338172,MAT,680000.0,0
68,2.5000190602705388,MAT,690000.0,0
69,2.4995152482164325,MAT,700000.0,0
70,2.499812198573147,MAT,710000.0,0
71,2.505749758858519,MAT,720000.0,0
72,2.5123998070868168,MAT,730000.0,0
73,2.513719845669455,MAT,740000.0,0
74,2.515375876535565,MAT,750000.0,0
75,2.5148007012284537,MAT,760000.0,0
76,2.5115405609827643,MAT,770000.0,0
77,2.507132448786213,MAT,780000.0,0
78,2.5101059590289716,MAT,790000.0,0
79,2.5033847672231784,MAT,800000.0,0
80,2.507907813778544,MAT,810000.0,0
81,2.5094262510228367,MAT,820000.0,0
82,2.5085410008182705,MAT,830000.0,0
83,2.5102328006546175,MAT,840000.0,0
84,2.511386240523695,MAT,850000.0,0
85,2.5169089924189576,MAT,860000.0,0
86,2.5196271939351673,MAT,870000.0,0
87,2.522101755148135,MAT,880000.0,0
88,2.5249814041185092,MAT,890000.0,0
89,2.5334851232948083,MAT,900000.0,0
90,2.527788098635848,MAT,910000.0,0
91,2.5271304789086795,MAT,920000.0,0
92,2.524604383126945,MAT,930000.0,0
93,2.521883506501557,MAT,940000.0,0
94,2.5249068052012467,MAT,950000.0,0
95,2.5249254441609987,MAT,960000.0,0
96,2.5225403553288,MAT,970000.0,0
97,2.5267322842630415,MAT,980000.0,0
98,2.527485827410435,MAT,990000.0,0
99,2.5284886619283493,MAT,1000000.0,0
0,0.0734999999999997,HAPPO,10000.0,0
1,0.13489999999999963,HAPPO,20000.0,0
2,0.19121999999999958,HAPPO,30000.0,0
3,0.24617599999999956,HAPPO,40000.0,0
4,0.31734079999999965,HAPPO,50000.0,0
5,0.41847264,HAPPO,60000.0,0
6,0.47537811200000013,HAPPO,70000.0,0
7,0.5733024896000005,HAPPO,80000.0,0
8,0.699741991680001,HAPPO,90000.0,0
9,0.7825935933440014,HAPPO,100000.0,0
10,0.930674874675202,HAPPO,110000.0,0
11,1.0119398997401623,HAPPO,120000.0,0
12,1.0564519197921305,HAPPO,130000.0,0
13,1.095661535833705,HAPPO,140000.0,0
14,1.1336292286669647,HAPPO,150000.0,0
15,1.1297033829335723,HAPPO,160000.0,0
16,1.1898627063468585,HAPPO,170000.0,0
17,1.2617901650774876,HAPPO,180000.0,0
18,1.2857321320619908,HAPPO,190000.0,0
19,1.2884857056495933,HAPPO,200000.0,0
20,1.3036885645196752,HAPPO,210000.0,0
21,1.357450851615741,HAPPO,220000.0,0
22,1.4022606812925937,HAPPO,230000.0,0
23,1.454308545034076,HAPPO,240000.0,0
24,1.521546836027262,HAPPO,250000.0,0
25,1.5747374688218105,HAPPO,260000.0,0
26,1.6319899750574496,HAPPO,270000.0,0
27,1.6378919800459606,HAPPO,280000.0,0
28,1.6852135840367695,HAPPO,290000.0,0
29,1.7275708672294168,HAPPO,300000.0,0
30,1.7322566937835344,HAPPO,310000.0,0
31,1.7459053550268289,HAPPO,320000.0,0
32,1.770924284021464,HAPPO,330000.0,0
33,1.7594394272171723,HAPPO,340000.0,0
34,1.7838515417737388,HAPPO,350000.0,0
35,1.788881233418992,HAPPO,360000.0,0
36,1.8426049867351948,HAPPO,370000.0,0
37,1.853683989388157,HAPPO,380000.0,0
38,1.8590471915105267,HAPPO,390000.0,0
39,1.8946377532084222,HAPPO,400000.0,0
40,1.903410202566739,HAPPO,410000.0,0
41,1.9192281620533922,HAPPO,420000.0,0
42,1.920982529642715,HAPPO,430000.0,0
43,1.897586023714173,HAPPO,440000.0,0
44,1.8775688189713395,HAPPO,450000.0,0
45,1.8740550551770727,HAPPO,460000.0,0
46,1.8586440441416594,HAPPO,470000.0,0
47,1.8275152353133286,HAPPO,480000.0,0
48,1.8849121882506639,HAPPO,490000.0,0
49,1.868429750600532,HAPPO,500000.0,0
50,1.9133438004804266,HAPPO,510000.0,0
51,1.9472750403843424,HAPPO,520000.0,0
52,1.977620032307475,HAPPO,530000.0,0
53,1.9517960258459812,HAPPO,540000.0,0
54,1.987836820676786,HAPPO,550000.0,0
55,2.0174694565414297,HAPPO,560000.0,0
56,2.0344755652331448,HAPPO,570000.0,0
57,2.0639804521865166,HAPPO,580000.0,0
58,2.0867843617492143,HAPPO,590000.0,0
59,2.1048274893993724,HAPPO,600000.0,0
60,2.117861991519499,HAPPO,610000.0,0
61,2.1212895932156,HAPPO,620000.0,0
62,2.1324316745724814,HAPPO,630000.0,0
63,2.1414453396579862,HAPPO,640000.0,0
64,2.14585627172639,HAPPO,650000.0,0
65,2.153585017381113,HAPPO,660000.0,0
66,2.1612680139048916,HAPPO,670000.0,0
67,2.1606144111239143,HAPPO,680000.0,0
68,2.1635915288991328,HAPPO,690000.0,0
69,2.167173223119307,HAPPO,700000.0,0
70,2.168338578495447,HAPPO,710000.0,0
71,2.1659708627963585,HAPPO,720000.0,0
72,2.168876690237088,HAPPO,730000.0,0
73,2.1715013521896713,HAPPO,740000.0,0
74,2.1736010817517384,HAPPO,750000.0,0
75,2.176980865401392,HAPPO,760000.0,0
76,2.1773846923211146,HAPPO,770000.0,0
77,2.179907753856893,HAPPO,780000.0,0
78,2.1783262030855157,HAPPO,790000.0,0
79,2.1835609624684134,HAPPO,800000.0,0
80,2.1798487699747318,HAPPO,810000.0,0
81,2.1854790159797863,HAPPO,820000.0,0
82,2.1800832127838303,HAPPO,830000.0,0
83,2.1794665702270652,HAPPO,840000.0,0
84,2.1838732561816534,HAPPO,850000.0,0
85,2.1903986049453237,HAPPO,860000.0,0
86,2.18521888395626,HAPPO,870000.0,0
87,2.1868751071650094,HAPPO,880000.0,0
88,2.1904000857320085,HAPPO,890000.0,0
89,2.190020068585608,HAPPO,900000.0,0
90,2.1934160548684876,HAPPO,910000.0,0
91,2.1951328438947915,HAPPO,920000.0,0
92,2.192606275115834,HAPPO,930000.0,0
93,2.1940850200926683,HAPPO,940000.0,0
94,2.1899680160741357,HAPPO,950000.0,0
95,2.19007441285931,HAPPO,960000.0,0
96,2.1900595302874493,HAPPO,970000.0,0
97,2.1854476242299605,HAPPO,980000.0,0
98,2.1784580993839695,HAPPO,990000.0,0
99,2.181666479507177,HAPPO,1000000.0,0
0,0.06049999999999987,HAPPO,10000.0,0
1,0.0914999999999998,HAPPO,20000.0,0
2,0.14639999999999975,HAPPO,30000.0,0
3,0.2068199999999997,HAPPO,40000.0,0
4,0.28735599999999983,HAPPO,50000.0,0
5,0.36668480000000003,HAPPO,60000.0,0
6,0.4456478400000003,HAPPO,70000.0,0
7,0.5547182720000008,HAPPO,80000.0,0
8,0.6382746176000011,HAPPO,90000.0,0
9,0.7252196940800014,HAPPO,100000.0,0
10,0.7908757552640016,HAPPO,110000.0,0
11,0.8722006042112018,HAPPO,120000.0,0
12,0.8993604833689618,HAPPO,130000.0,0
13,0.92798838669517,HAPPO,140000.0,0
14,0.9608907093561365,HAPPO,150000.0,0
15,0.9929125674849097,HAPPO,160000.0,0
16,1.0217300539879284,HAPPO,170000.0,0
17,1.0455840431903434,HAPPO,180000.0,0
18,1.0575672345522753,HAPPO,190000.0,0
19,1.0959537876418208,HAPPO,200000.0,0
20,1.1199630301134573,HAPPO,210000.0,0
21,1.1081704240907662,HAPPO,220000.0,0
22,1.1540363392726136,HAPPO,230000.0,0
23,1.2201290714180917,HAPPO,240000.0,0
24,1.2843032571344741,HAPPO,250000.0,0
25,1.3578426057075803,HAPPO,260000.0,0
26,1.4033740845660652,HAPPO,270000.0,0
27,1.4383992676528532,HAPPO,280000.0,0
28,1.4395194141222833,HAPPO,290000.0,0
29,1.4951155312978275,HAPPO,300000.0,0
30,1.565892425038263,HAPPO,310000.0,0
31,1.5773139400306113,HAPPO,320000.0,0
32,1.5648511520244899,HAPPO,330000.0,0
33,1.601180921619593,HAPPO,340000.0,0
34,1.6618447372956755,HAPPO,350000.0,0
35,1.6381757898365414,HAPPO,360000.0,0
36,1.6629406318692341,HAPPO,370000.0,0
37,1.6479525054953883,HAPPO,380000.0,0
38,1.7173620043963118,HAPPO,390000.0,0
39,1.7299896035170506,HAPPO,400000.0,0
40,1.7543916828136414,HAPPO,410000.0,0
41,1.8003133462509142,HAPPO,420000.0,0
42,1.8565506770007325,HAPPO,430000.0,0
43,1.903940541600587,HAPPO,440000.0,0
44,1.9386524332804709,HAPPO,450000.0,0
45,1.921821946624378,HAPPO,460000.0,0
46,1.9568575572995033,HAPPO,470000.0,0
47,1.9815860458396037,HAPPO,480000.0,0
48,1.9934688366716842,HAPPO,490000.0,0
49,2.0208750693373485,HAPPO,500000.0,0
50,2.04000005546988,HAPPO,510000.0,0
51,2.0160000443759047,HAPPO,520000.0,0
52,2.007700035500725,HAPPO,530000.0,0
53,2.028160028400581,HAPPO,540000.0,0
54,2.043428022720466,HAPPO,550000.0,0
55,2.064442418176374,HAPPO,560000.0,0
56,2.0777539345411005,HAPPO,570000.0,0
57,2.0660031476328813,HAPPO,580000.0,0
58,2.071502518106306,HAPPO,590000.0,0
59,2.079902014485046,HAPPO,600000.0,0
60,2.084721611588038,HAPPO,610000.0,0
61,2.0652772892704316,HAPPO,620000.0,0
62,2.0240218314163463,HAPPO,630000.0,0
63,2.013917465133078,HAPPO,640000.0,0
64,2.0368339721064634,HAPPO,650000.0,0
65,2.0525671776851717,HAPPO,660000.0,0
66,2.0760537421481384,HAPPO,670000.0,0
67,2.091342993718512,HAPPO,680000.0,0
68,2.1041743949748106,HAPPO,690000.0,0
69,2.1166395159798497,HAPPO,700000.0,0
70,2.129811612783881,HAPPO,710000.0,0
71,2.138949290227106,HAPPO,720000.0,0
72,2.144359432181686,HAPPO,730000.0,0
73,2.15018754574535,HAPPO,740000.0,0
74,2.152650036596281,HAPPO,750000.0,0
75,2.154820029277026,HAPPO,760000.0,0
76,2.153956023421622,HAPPO,770000.0,0
77,2.1602648187372986,HAPPO,780000.0,0
78,2.15991185498984,HAPPO,790000.0,0
79,2.1637294839918733,HAPPO,800000.0,0
80,2.1690835871934997,HAPPO,810000.0,0
81,2.161266869754801,HAPPO,820000.0,0
82,2.167713495803842,HAPPO,830000.0,0
83,2.171070796643075,HAPPO,840000.0,0
84,2.1773566373144613,HAPPO,850000.0,0
85,2.1771853098515703,HAPPO,860000.0,0
86,2.1778482478812573,HAPPO,870000.0,0
87,2.181778598305007,HAPPO,880000.0,0
88,2.1819228786440066,HAPPO,890000.0,0
89,2.1775383029152064,HAPPO,900000.0,0
90,2.1787306423321664,HAPPO,910000.0,0
91,2.179684513865734,HAPPO,920000.0,0
92,2.175547611092588,HAPPO,930000.0,0
93,2.1739380888740714,HAPPO,940000.0,0
94,2.1737504710992583,HAPPO,950000.0,0
95,2.1711003768794077,HAPPO,960000.0,0
96,2.1720803015035273,HAPPO,970000.0,0
97,2.178764241202823,HAPPO,980000.0,0
98,2.1811113929622596,HAPPO,990000.0,0
99,2.1723891143698086,HAPPO,1000000.0,0
0,0.06299999999999978,HAPPO,10000.0,0
1,0.09949999999999974,HAPPO,20000.0,0
2,0.13489999999999974,HAPPO,30000.0,0
3,0.22861999999999982,HAPPO,40000.0,0
4,0.31909599999999994,HAPPO,50000.0,0
5,0.44737680000000035,HAPPO,60000.0,0
6,0.4974014400000004,HAPPO,70000.0,0
7,0.6027211520000008,HAPPO,80000.0,0
8,0.6676769216000009,HAPPO,90000.0,0
9,0.7687415372800013,HAPPO,100000.0,0
10,0.7576932298240011,HAPPO,110000.0,0
11,0.7924545838592012,HAPPO,120000.0,0
12,0.8574636670873614,HAPPO,130000.0,0
13,0.8950709336698897,HAPPO,140000.0,0
14,0.9386567469359123,HAPPO,150000.0,0
15,1.0242253975487305,HAPPO,160000.0,0
16,1.074180318038985,HAPPO,170000.0,0
17,1.0810442544311885,HAPPO,180000.0,0
18,1.1138354035449516,HAPPO,190000.0,0
19,1.180968322835962,HAPPO,200000.0,0
20,1.1974746582687703,HAPPO,210000.0,0
21,1.2746797266150172,HAPPO,220000.0,0
22,1.3119437812920145,HAPPO,230000.0,0
23,1.3685550250336125,HAPPO,240000.0,0
24,1.4187440200268908,HAPPO,250000.0,0
25,1.4468952160215134,HAPPO,260000.0,0
26,1.4903161728172116,HAPPO,270000.0,0
27,1.5086529382537703,HAPPO,280000.0,0
28,1.5430223506030174,HAPPO,290000.0,0
29,1.566517880482415,HAPPO,300000.0,0
30,1.6307143043859331,HAPPO,310000.0,0
31,1.6658714435087476,HAPPO,320000.0,0
32,1.672997154806999,HAPPO,330000.0,0
33,1.6662977238456003,HAPPO,340000.0,0
34,1.6909381790764813,HAPPO,350000.0,0
35,1.6909505432611858,HAPPO,360000.0,0
36,1.7207604346089498,HAPPO,370000.0,0
37,1.746608347687161,HAPPO,380000.0,0
38,1.7398866781497297,HAPPO,390000.0,0
39,1.7532093425197848,HAPPO,400000.0,0
40,1.8068674740158288,HAPPO,410000.0,0
41,1.8524939792126642,HAPPO,420000.0,0
42,1.8660951833701325,HAPPO,430000.0,0
43,1.901476146696107,HAPPO,440000.0,0
44,1.9385809173568869,HAPPO,450000.0,0
45,1.9577647338855104,HAPPO,460000.0,0
46,1.9858117871084096,HAPPO,470000.0,0
47,2.0160494296867286,HAPPO,480000.0,0
48,2.0423395437493843,HAPPO,490000.0,0
49,2.0347716349995086,HAPPO,500000.0,0
50,2.046217307999608,HAPPO,510000.0,0
51,2.0562738463996877,HAPPO,520000.0,0
52,2.0610190771197514,HAPPO,530000.0,0
53,2.0705152616958022,HAPPO,540000.0,0
54,2.080112209356643,HAPPO,550000.0,0
55,2.0920897674853154,HAPPO,560000.0,0
56,2.0946718139882536,HAPPO,570000.0,0
57,2.102337451190604,HAPPO,580000.0,0
58,2.1066699609524844,HAPPO,590000.0,0
59,2.1094359687619884,HAPPO,600000.0,0
60,2.109148775009592,HAPPO,610000.0,0
61,2.1160190200076743,HAPPO,620000.0,0
62,2.1106152160061407,HAPPO,630000.0,0
63,2.1135921728049136,HAPPO,640000.0,0
64,2.108573738243932,HAPPO,650000.0,0
65,2.1170589905951465,HAPPO,660000.0,0
66,2.121647192476118,HAPPO,670000.0,0
67,2.0451177539808953,HAPPO,680000.0,0
68,2.033894203184717,HAPPO,690000.0,0
69,2.066415362547775,HAPPO,700000.0,0
70,2.078532290038221,HAPPO,710000.0,0
71,2.086225832030578,HAPPO,720000.0,0
72,2.1058806656244635,HAPPO,730000.0,0
73,2.115704532499572,HAPPO,740000.0,0
74,2.127863625999659,HAPPO,750000.0,0
75,2.136790900799728,HAPPO,760000.0,0
76,2.1330327206397834,HAPPO,770000.0,0
77,2.138326176511828,HAPPO,780000.0,0
78,2.1439609412094636,HAPPO,790000.0,0
79,2.150968752967572,HAPPO,800000.0,0
80,2.1591750023740586,HAPPO,810000.0,0
81,2.162440001899248,HAPPO,820000.0,0
82,2.1597520015194,HAPPO,830000.0,0
83,2.162501601215521,HAPPO,840000.0,0
84,2.155001280972418,HAPPO,850000.0,0
85,2.1596010247779356,HAPPO,860000.0,0
86,2.1660808198223496,HAPPO,870000.0,0
87,2.167964655857881,HAPPO,880000.0,0
88,2.169771724686306,HAPPO,890000.0,0
89,2.169617379749046,HAPPO,900000.0,0
90,2.175993903799238,HAPPO,910000.0,0
91,2.1758951230393917,HAPPO,920000.0,0
92,2.179016098431515,HAPPO,930000.0,0
93,2.183412878745213,HAPPO,940000.0,0
94,2.1840303029961716,HAPPO,950000.0,0
95,2.1852242423969384,HAPPO,960000.0,0
96,2.181679393917552,HAPPO,970000.0,0
97,2.1834435151340426,HAPPO,980000.0,0
98,2.186554812107235,HAPPO,990000.0,0
99,2.185743849685789,HAPPO,1000000.0,0
0,0.08549999999999977,HAPPO,10000.0,0
1,0.13299999999999973,HAPPO,20000.0,0
2,0.19679999999999964,HAPPO,30000.0,0
3,0.2770399999999996,HAPPO,40000.0,0
4,0.3496319999999997,HAPPO,50000.0,0
5,0.4200056,HAPPO,60000.0,0
6,0.5074044800000003,HAPPO,70000.0,0
7,0.6160235840000008,HAPPO,80000.0,0
8,0.663318867200001,HAPPO,90000.0,0
9,0.7651550937600015,HAPPO,100000.0,0
10,0.8580240750080018,HAPPO,110000.0,0
11,0.918419260006402,HAPPO,120000.0,0
12,1.0000354080051224,HAPPO,130000.0,0
13,1.0599283264040986,HAPPO,140000.0,0
14,1.1347426611232798,HAPPO,150000.0,0
15,1.1703941288986246,HAPPO,160000.0,0
16,1.2120153031189005,HAPPO,170000.0,0
17,1.2186122424951211,HAPPO,180000.0,0
18,1.2328897939960977,HAPPO,190000.0,0
19,1.306011835196879,HAPPO,200000.0,0
20,1.3570094681575042,HAPPO,210000.0,0
21,1.3766075745260042,HAPPO,220000.0,0
22,1.4277860596208043,HAPPO,230000.0,0
23,1.4877288476966444,HAPPO,240000.0,0
24,1.5523830781573165,HAPPO,250000.0,0
25,1.5799064625258543,HAPPO,260000.0,0
26,1.6176251700206845,HAPPO,270000.0,0
27,1.5792001360165484,HAPPO,280000.0,0
28,1.5494601088132396,HAPPO,290000.0,0
29,1.604868087050593,HAPPO,300000.0,0
30,1.6359944696404753,HAPPO,310000.0,0
31,1.6711955757123813,HAPPO,320000.0,0
32,1.7379564605699063,HAPPO,330000.0,0
33,1.744265168455926,HAPPO,340000.0,0
34,1.763912134764742,HAPPO,350000.0,0
35,1.7020297078117945,HAPPO,360000.0,0
36,1.6981237662494366,HAPPO,370000.0,0
37,1.67669901299955,HAPPO,380000.0,0
38,1.643659210399641,HAPPO,390000.0,0
39,1.696727368319714,HAPPO,400000.0,0
40,1.7598818946557722,HAPPO,410000.0,0
41,1.8083055157246188,HAPPO,420000.0,0
42,1.807344412579696,HAPPO,430000.0,0
43,1.854275530063758,HAPPO,440000.0,0
44,1.8430204240510073,HAPPO,450000.0,0
45,1.869716339240807,HAPPO,460000.0,0
46,1.8999730713926466,HAPPO,470000.0,0
47,1.9088784571141182,HAPPO,480000.0,0
48,1.8933027656912955,HAPPO,490000.0,0
49,1.9359422125530377,HAPPO,500000.0,0
50,1.9724537700424314,HAPPO,510000.0,0
51,1.9980630160339463,HAPPO,520000.0,0
52,2.021450412827158,HAPPO,530000.0,0
53,2.0383603302617277,HAPPO,540000.0,0
54,2.032088264209383,HAPPO,550000.0,0
55,2.0410706113675077,HAPPO,560000.0,0
56,2.0398564890940074,HAPPO,570000.0,0
57,2.048985191275207,HAPPO,580000.0,0
58,2.0415881530201663,HAPPO,590000.0,0
59,2.037170522416134,HAPPO,600000.0,0
60,2.0305364179329084,HAPPO,610000.0,0
61,2.045429134346328,HAPPO,620000.0,0
62,2.0613433074770633,HAPPO,630000.0,0
63,2.071874645981652,HAPPO,640000.0,0
64,2.081799716785323,HAPPO,650000.0,0
65,2.0851397734282595,HAPPO,660000.0,0
66,2.0731118187426087,HAPPO,670000.0,0
67,2.0327894549940884,HAPPO,680000.0,0
68,2.039231563995272,HAPPO,690000.0,0
69,2.0613852511962185,HAPPO,700000.0,0
70,2.080508200956976,HAPPO,710000.0,0
71,2.096506560765582,HAPPO,720000.0,0
72,2.080005248612467,HAPPO,730000.0,0
73,2.1001041988899747,HAPPO,740000.0,0
74,2.107483359111981,HAPPO,750000.0,0
75,2.119686687289586,HAPPO,760000.0,0
76,2.1196493498316697,HAPPO,770000.0,0
77,2.127019479865337,HAPPO,780000.0,0
78,2.136615583892271,HAPPO,790000.0,0
79,2.139392467113818,HAPPO,800000.0,0
80,2.142613973691055,HAPPO,810000.0,0
81,2.1454911789528452,HAPPO,820000.0,0
82,2.148692943162277,HAPPO,830000.0,0
83,2.141354354529823,HAPPO,840000.0,0
84,2.1418834836238596,HAPPO,850000.0,0
85,2.138706786899089,HAPPO,860000.0,0
86,2.1373654295192726,HAPPO,870000.0,0
87,2.1265923436154193,HAPPO,880000.0,0
88,2.1332738748923363,HAPPO,890000.0,0
89,2.13341909991387,HAPPO,900000.0,0
90,2.1454352799310974,HAPPO,910000.0,0
91,2.148048223944879,HAPPO,920000.0,0
92,2.150438579155904,HAPPO,930000.0,0
93,2.151650863324724,HAPPO,940000.0,0
94,2.1567206906597804,HAPPO,950000.0,0
95,2.1598765525278254,HAPPO,960000.0,0
96,2.1641012420222614,HAPPO,970000.0,0
97,2.1675809936178103,HAPPO,980000.0,0
98,2.165864794894249,HAPPO,990000.0,0
99,2.1652918359154003,HAPPO,1000000.0,0
0,0.005500000000000028,HAPPO,10000.0,0
1,0.011700000000000012,HAPPO,20000.0,0
2,0.048159999999999925,HAPPO,30000.0,0
3,0.11882799999999982,HAPPO,40000.0,0
4,0.21866239999999987,HAPPO,50000.0,0
5,0.3511299200000002,HAPPO,60000.0,0
6,0.4452039360000004,HAPPO,70000.0,0
7,0.5252631488000007,HAPPO,80000.0,0
8,0.5817105190400007,HAPPO,90000.0,0
9,0.6438684152320009,HAPPO,100000.0,0
10,0.685894732185601,HAPPO,110000.0,0
11,0.693815785748481,HAPPO,120000.0,0
12,0.7112526285987851,HAPPO,130000.0,0
13,0.7672021028790285,HAPPO,140000.0,0
14,0.7969616823032232,HAPPO,150000.0,0
15,0.7983693458425789,HAPPO,160000.0,0
16,0.8344954766740635,HAPPO,170000.0,0
17,0.8551963813392512,HAPPO,180000.0,0
18,0.8626571050714013,HAPPO,190000.0,0
19,0.8932256840571215,HAPPO,200000.0,0
20,0.9531805472456978,HAPPO,210000.0,0
21,1.0188444377965589,HAPPO,220000.0,0
22,1.0833755502372477,HAPPO,230000.0,0
23,1.162000440189799,HAPPO,240000.0,0
24,1.2457003521518402,HAPPO,250000.0,0
25,1.299460281721473,HAPPO,260000.0,0
26,1.3377682253771792,HAPPO,270000.0,0
27,1.3700145803017443,HAPPO,280000.0,0
28,1.4559116642413965,HAPPO,290000.0,0
29,1.508229331393118,HAPPO,300000.0,0
30,1.5642834651144955,HAPPO,310000.0,0
31,1.5658267720915973,HAPPO,320000.0,0
32,1.586961417673279,HAPPO,330000.0,0
33,1.645269134138624,HAPPO,340000.0,0
34,1.6466153073109002,HAPPO,350000.0,0
35,1.673992245848721,HAPPO,360000.0,0
36,1.6889937966789779,HAPPO,370000.0,0
37,1.7150950373431835,HAPPO,380000.0,0
38,1.772176029874548,HAPPO,390000.0,0
39,1.7942408238996395,HAPPO,400000.0,0
40,1.8179926591197129,HAPPO,410000.0,0
41,1.8171941272957712,HAPPO,420000.0,0
42,1.8520553018366182,HAPPO,430000.0,0
43,1.8755442414692955,HAPPO,440000.0,0
44,1.8863353931754376,HAPPO,450000.0,0
45,1.9117683145403512,HAPPO,460000.0,0
46,1.936214651632282,HAPPO,470000.0,0
47,1.9663717213058267,HAPPO,480000.0,0
48,1.9355973770446624,HAPPO,490000.0,0
49,1.958577901635731,HAPPO,500000.0,0
50,1.9617623213085857,HAPPO,510000.0,0
51,1.9962098570468698,HAPPO,520000.0,0
52,2.018867885637497,HAPPO,530000.0,0
53,2.0424943085099985,HAPPO,540000.0,0
54,2.064995446808,HAPPO,550000.0,0
55,2.0675963574464014,HAPPO,560000.0,0
56,2.0833770859571223,HAPPO,570000.0,0
57,2.095801668765699,HAPPO,580000.0,0
58,2.0912413350125605,HAPPO,590000.0,0
59,2.0843930680100495,HAPPO,600000.0,0
60,2.073714454408041,HAPPO,610000.0,0
61,2.077371563526434,HAPPO,620000.0,0
62,2.081997250821148,HAPPO,630000.0,0
63,2.0879978006569195,HAPPO,640000.0,0
64,2.093198240525537,HAPPO,650000.0,0
65,2.0939585924204307,HAPPO,660000.0,0
66,2.0992668739363456,HAPPO,670000.0,0
67,2.1033134991490776,HAPPO,680000.0,0
68,2.102350799319263,HAPPO,690000.0,0
69,2.106580639455412,HAPPO,700000.0,0
70,2.1156645115643307,HAPPO,710000.0,0
71,2.116931609251466,HAPPO,720000.0,0
72,2.1122452874011737,HAPPO,730000.0,0
73,2.1196962299209403,HAPPO,740000.0,0
74,2.123556983936753,HAPPO,750000.0,0
75,2.1277455871494038,HAPPO,760000.0,0
76,2.121996469719524,HAPPO,770000.0,0
77,2.12779717577562,HAPPO,780000.0,0
78,2.133537740620497,HAPPO,790000.0,0
79,2.1410301924963986,HAPPO,800000.0,0
80,2.14302415399712,HAPPO,810000.0,0
81,2.1445193231976973,HAPPO,820000.0,0
82,2.1380154585581588,HAPPO,830000.0,0
83,2.1466123668465285,HAPPO,840000.0,0
84,2.152689893477224,HAPPO,850000.0,0
85,2.15975191478178,HAPPO,860000.0,0
86,2.164301531825425,HAPPO,870000.0,0
87,2.1713412254603415,HAPPO,880000.0,0
88,2.1690729803682745,HAPPO,890000.0,0
89,2.161958384294621,HAPPO,900000.0,0
90,2.1668667074356978,HAPPO,910000.0,0
91,2.1672933659485594,HAPPO,920000.0,0
92,2.1668346927588487,HAPPO,930000.0,0
93,2.1725677542070803,HAPPO,940000.0,0
94,2.179954203365665,HAPPO,950000.0,0
95,2.179063362692533,HAPPO,960000.0,0
96,2.1861506901540277,HAPPO,970000.0,0
97,2.1905205521232234,HAPPO,980000.0,0
98,2.19441644169858,HAPPO,990000.0,0
99,2.1881331533588653,HAPPO,1000000.0,0
0,0.029999999999999902,MAPPO,10000.0,0
1,0.049899999999999875,MAPPO,20000.0,0
2,0.13571999999999976,MAPPO,30000.0,0
3,0.21027599999999969,MAPPO,40000.0,0
4,0.2982207999999997,MAPPO,50000.0,0
5,0.40317664,MAPPO,60000.0,0
6,0.48584131200000036,MAPPO,70000.0,0
7,0.5289730496000005,MAPPO,80000.0,0
8,0.6120784396800008,MAPPO,90000.0,0
9,0.681362751744001,MAPPO,100000.0,0
10,0.7627902013952013,MAPPO,110000.0,0
11,0.8539321611161617,MAPPO,120000.0,0
12,0.9365457288929301,MAPPO,130000.0,0
13,1.0331365831143449,MAPPO,140000.0,0
14,1.0879092664914767,MAPPO,150000.0,0
15,1.1698274131931823,MAPPO,160000.0,0
16,1.2032619305545467,MAPPO,170000.0,0
17,1.250009544443638,MAPPO,180000.0,0
18,1.3197076355549116,MAPPO,190000.0,0
19,1.3852661084439302,MAPPO,200000.0,0
20,1.453312886755145,MAPPO,210000.0,0
21,1.4528503094041167,MAPPO,220000.0,0
22,1.4992802475232943,MAPPO,230000.0,0
23,1.5257241980186365,MAPPO,240000.0,0
24,1.52947935841491,MAPPO,250000.0,0
25,1.572683486731929,MAPPO,260000.0,0
26,1.5971467893855442,MAPPO,270000.0,0
27,1.6008174315084363,MAPPO,280000.0,0
28,1.64945394520675,MAPPO,290000.0,0
29,1.7027631561654013,MAPPO,300000.0,0
30,1.6568105249323217,MAPPO,310000.0,0
31,1.6777484199458583,MAPPO,320000.0,0
32,1.6608987359566876,MAPPO,330000.0,0
33,1.7102189887653512,MAPPO,340000.0,0
34,1.724575191012282,MAPPO,350000.0,0
35,1.7655601528098266,MAPPO,360000.0,0
36,1.7909481222478623,MAPPO,370000.0,0
37,1.820858497798291,MAPPO,380000.0,0
38,1.826486798238634,MAPPO,390000.0,0
39,1.8445894385909083,MAPPO,400000.0,0
40,1.8832715508727278,MAPPO,410000.0,0
41,1.9295172406981833,MAPPO,420000.0,0
42,1.9667137925585478,MAPPO,430000.0,0
43,1.9501710340468392,MAPPO,440000.0,0
44,1.9701368272374724,MAPPO,450000.0,0
45,1.994609461789979,MAPPO,460000.0,0
46,2.0147875694319843,MAPPO,470000.0,0
47,2.0359300555455886,MAPPO,480000.0,0
48,2.055644044436472,MAPPO,490000.0,0
49,2.0694152355491786,MAPPO,500000.0,0
50,2.074932188439344,MAPPO,510000.0,0
51,2.0867457507514766,MAPPO,520000.0,0
52,2.0935966006011824,MAPPO,530000.0,0
53,2.1005772804809473,MAPPO,540000.0,0
54,2.109361824384759,MAPPO,550000.0,0
55,2.1110894595078085,MAPPO,560000.0,0
56,2.113371567606248,MAPPO,570000.0,0
57,2.1178972540849994,MAPPO,580000.0,0
58,2.1185178032680003,MAPPO,590000.0,0
59,2.1253142426144014,MAPPO,600000.0,0
60,2.128251394091522,MAPPO,610000.0,0
61,2.134801115273219,MAPPO,620000.0,0
62,2.137040892218576,MAPPO,630000.0,0
63,2.1477327137748623,MAPPO,640000.0,0
64,2.150686171019891,MAPPO,650000.0,0
65,2.152548936815914,MAPPO,660000.0,0
66,2.1474391494527323,MAPPO,670000.0,0
67,2.147651319562187,MAPPO,680000.0,0
68,2.151721055649751,MAPPO,690000.0,0
69,2.155276844519802,MAPPO,700000.0,0
70,2.1565214756158424,MAPPO,710000.0,0
71,2.155617180492675,MAPPO,720000.0,0
72,2.163593744394141,MAPPO,730000.0,0
73,2.1681749955153142,MAPPO,740000.0,0
74,2.1720399964122525,MAPPO,750000.0,0
75,2.174731997129803,MAPPO,760000.0,0
76,2.1753855977038437,MAPPO,770000.0,0
77,2.176408478163076,MAPPO,780000.0,0
78,2.181026782530462,MAPPO,790000.0,0
79,2.1810214260243708,MAPPO,800000.0,0
80,2.1846171408194976,MAPPO,810000.0,0
81,2.1830937126555994,MAPPO,820000.0,0
82,2.179974970124481,MAPPO,830000.0,0
83,2.1825799760995857,MAPPO,840000.0,0
84,2.1851639808796697,MAPPO,850000.0,0
85,2.185831184703737,MAPPO,860000.0,0
86,2.191764947762991,MAPPO,870000.0,0
87,2.190411958210394,MAPPO,880000.0,0
88,2.1909295665683164,MAPPO,890000.0,0
89,2.184743653254654,MAPPO,900000.0,0
90,2.1806949226037244,MAPPO,910000.0,0
91,2.1855559380829805,MAPPO,920000.0,0
92,2.1874447504663856,MAPPO,930000.0,0
93,2.1876558003731095,MAPPO,940000.0,0
94,2.1869246402984888,MAPPO,950000.0,0
95,2.180639712238792,MAPPO,960000.0,0
96,2.184911769791035,MAPPO,970000.0,0
97,2.191429415832829,MAPPO,980000.0,0
98,2.187943532666264,MAPPO,990000.0,0
99,2.1906548261330125,MAPPO,1000000.0,0
0,0.062499999999999875,MAPPO,10000.0,0
1,0.08999999999999986,MAPPO,20000.0,0
2,0.18209999999999987,MAPPO,30000.0,0
3,0.27748,MAPPO,40000.0,0
4,0.36988400000000016,MAPPO,50000.0,0
5,0.4556072000000003,MAPPO,60000.0,0
6,0.5635857600000007,MAPPO,70000.0,0
7,0.643768608000001,MAPPO,80000.0,0
8,0.654814886400001,MAPPO,90000.0,0
9,0.7033519091200012,MAPPO,100000.0,0
10,0.6896815272960011,MAPPO,110000.0,0
11,0.7431452218368012,MAPPO,120000.0,0
12,0.7909161774694414,MAPPO,130000.0,0
13,0.8399329419755537,MAPPO,140000.0,0
14,0.8692463535804434,MAPPO,150000.0,0
15,0.9325970828643553,MAPPO,160000.0,0
16,0.994977666291485,MAPPO,170000.0,0
17,1.0486821330331886,MAPPO,180000.0,0
18,1.0738457064265514,MAPPO,190000.0,0
19,1.0963765651412416,MAPPO,200000.0,0
20,1.1087012521129938,MAPPO,210000.0,0
21,1.1442610016903956,MAPPO,220000.0,0
22,1.2481088013523176,MAPPO,230000.0,0
23,1.328487041081855,MAPPO,240000.0,0
24,1.3405896328654847,MAPPO,250000.0,0
25,1.4018717062923889,MAPPO,260000.0,0
26,1.3958973650339117,MAPPO,270000.0,0
27,1.4129178920271301,MAPPO,280000.0,0
28,1.3980343136217048,MAPPO,290000.0,0
29,1.469927450897365,MAPPO,300000.0,0
30,1.5032419607178928,MAPPO,310000.0,0
31,1.5433935685743152,MAPPO,320000.0,0
32,1.6025148548594532,MAPPO,330000.0,0
33,1.6624118838875637,MAPPO,340000.0,0
34,1.6768295071100519,MAPPO,350000.0,0
35,1.7386636056880427,MAPPO,360000.0,0
36,1.7830308845504352,MAPPO,370000.0,0
37,1.8097247076403493,MAPPO,380000.0,0
38,1.8646797661122805,MAPPO,390000.0,0
39,1.8958438128898254,MAPPO,400000.0,0
40,1.9258750503118616,MAPPO,410000.0,0
41,1.9501000402494904,MAPPO,420000.0,0
42,1.9600800321995935,MAPPO,430000.0,0
43,1.984964025759676,MAPPO,440000.0,0
44,1.9980712206077418,MAPPO,450000.0,0
45,1.9611569764861945,MAPPO,460000.0,0
46,1.9305255811889566,MAPPO,470000.0,0
47,1.9551204649511662,MAPPO,480000.0,0
48,1.968696371960934,MAPPO,490000.0,0
49,1.9884570975687483,MAPPO,500000.0,0
50,1.9945656780549998,MAPPO,510000.0,0
51,2.007352542444001,MAPPO,520000.0,0
52,2.0212820339552016,MAPPO,530000.0,0
53,2.0413256271641624,MAPPO,540000.0,0
54,1.9923605017313308,MAPPO,550000.0,0
55,2.0079884013850657,MAPPO,560000.0,0
56,2.0251907211080535,MAPPO,570000.0,0
57,2.044152576886444,MAPPO,580000.0,0
58,2.0609220615091566,MAPPO,590000.0,0
59,2.0694376492073263,MAPPO,600000.0,0
60,2.096250119365862,MAPPO,610000.0,0
61,2.0705000954926907,MAPPO,620000.0,0
62,2.0269000763941536,MAPPO,630000.0,0
63,2.054620061115324,MAPPO,640000.0,0
64,2.07609604889226,MAPPO,650000.0,0
65,2.0645768391138093,MAPPO,660000.0,0
66,2.0876614712910486,MAPPO,670000.0,0
67,2.10322917703284,MAPPO,680000.0,0
68,2.1190833416262733,MAPPO,690000.0,0
69,2.13376667330102,MAPPO,700000.0,0
70,2.141613338640817,MAPPO,710000.0,0
71,2.1413906709126547,MAPPO,720000.0,0
72,2.1450125367301247,MAPPO,730000.0,0
73,2.151110029384101,MAPPO,740000.0,0
74,2.152288023507282,MAPPO,750000.0,0
75,2.1573304188058264,MAPPO,760000.0,0
76,2.1660643350446622,MAPPO,770000.0,0
77,2.165051468035731,MAPPO,780000.0,0
78,2.169641174428586,MAPPO,790000.0,0
79,2.17071293954287,MAPPO,800000.0,0
80,2.177870351634297,MAPPO,810000.0,0
81,2.182496281307439,MAPPO,820000.0,0
82,2.1849970250459525,MAPPO,830000.0,0
83,2.1864976200367634,MAPPO,840000.0,0
84,2.186898096029412,MAPPO,850000.0,0
85,2.188518476823531,MAPPO,860000.0,0
86,2.187014781458826,MAPPO,870000.0,0
87,2.184811825167062,MAPPO,880000.0,0
88,2.190549460133651,MAPPO,890000.0,0
89,2.193639568106922,MAPPO,900000.0,0
90,2.1899116544855386,MAPPO,910000.0,0
91,2.187129323588432,MAPPO,920000.0,0
92,2.186803458870747,MAPPO,930000.0,0
93,2.188042767096599,MAPPO,940000.0,0
94,2.1939342136772804,MAPPO,950000.0,0
95,2.1947473709418257,MAPPO,960000.0,0
96,2.194097896753462,MAPPO,970000.0,0
97,2.1955783174027705,MAPPO,980000.0,0
98,2.188562653922218,MAPPO,990000.0,0
99,2.1934501231377754,MAPPO,1000000.0,0
0,0.0069999999999999785,MAPPO,10000.0,0
1,0.012699999999999961,MAPPO,20000.0,0
2,0.05285999999999991,MAPPO,30000.0,0
3,0.13258799999999984,MAPPO,40000.0,0
4,0.2514704,MAPPO,50000.0,0
5,0.36107632000000023,MAPPO,60000.0,0
6,0.49516105600000065,MAPPO,70000.0,0
7,0.5839288448000008,MAPPO,80000.0,0
8,0.6611430758400011,MAPPO,90000.0,0
9,0.7324144606720013,MAPPO,100000.0,0
10,0.7894315685376015,MAPPO,110000.0,0
11,0.8786452548300819,MAPPO,120000.0,0
12,0.9443162038640663,MAPPO,130000.0,0
13,1.0068529630912537,MAPPO,140000.0,0
14,1.0518823704730036,MAPPO,150000.0,0
15,1.0962058963784034,MAPPO,160000.0,0
16,1.1473647171027235,MAPPO,170000.0,0
17,1.2083917736821796,MAPPO,180000.0,0
18,1.2687134189457447,MAPPO,190000.0,0
19,1.2933707351565964,MAPPO,200000.0,0
20,1.315896588125278,MAPPO,210000.0,0
21,1.3376172705002232,MAPPO,220000.0,0
22,1.3412938164001793,MAPPO,230000.0,0
23,1.3982350531201444,MAPPO,240000.0,0
24,1.3829880424961165,MAPPO,250000.0,0
25,1.4349904339968942,MAPPO,260000.0,0
26,1.457992347197516,MAPPO,270000.0,0
27,1.5072938777580138,MAPPO,280000.0,0
28,1.4376351022064116,MAPPO,290000.0,0
29,1.5264080817651302,MAPPO,300000.0,0
30,1.529526465412105,MAPPO,310000.0,0
31,1.551121172329685,MAPPO,320000.0,0
32,1.5021969378637485,MAPPO,330000.0,0
33,1.5707575502909998,MAPPO,340000.0,0
34,1.6033060402328008,MAPPO,350000.0,0
35,1.6595448321862416,MAPPO,360000.0,0
36,1.7124358657489942,MAPPO,370000.0,0
37,1.7737486925991965,MAPPO,380000.0,0
38,1.776798954079358,MAPPO,390000.0,0
39,1.8053391632634876,MAPPO,400000.0,0
40,1.8059713306107912,MAPPO,410000.0,0
41,1.807077064488634,MAPPO,420000.0,0
42,1.8556616515909083,MAPPO,430000.0,0
43,1.8610293212727278,MAPPO,440000.0,0
44,1.8928234570181834,MAPPO,450000.0,0
45,1.9145587656145477,MAPPO,460000.0,0
46,1.9277470124916394,MAPPO,470000.0,0
47,1.9422976099933127,MAPPO,480000.0,0
48,1.9666380879946515,MAPPO,490000.0,0
49,1.9610104703957223,MAPPO,500000.0,0
50,1.986308376316579,MAPPO,510000.0,0
51,1.9991467010532642,MAPPO,520000.0,0
52,2.0183173608426124,MAPPO,530000.0,0
53,2.039453888674091,MAPPO,540000.0,0
54,2.056763110939274,MAPPO,550000.0,0
55,2.0735104887514204,MAPPO,560000.0,0
56,2.0789083910011374,MAPPO,570000.0,0
57,2.085826712800911,MAPPO,580000.0,0
58,2.09576137024073,MAPPO,590000.0,0
59,2.0959090961925853,MAPPO,600000.0,0
60,2.1015272769540694,MAPPO,610000.0,0
61,2.1002218215632564,MAPPO,620000.0,0
62,2.109377457250606,MAPPO,630000.0,0
63,2.1161019658004863,MAPPO,640000.0,0
64,2.11698157264039,MAPPO,650000.0,0
65,2.1247852581123134,MAPPO,660000.0,0
66,2.1359282064898517,MAPPO,670000.0,0
67,2.1430425651918825,MAPPO,680000.0,0
68,2.1453340521535074,MAPPO,690000.0,0
69,2.1438672417228073,MAPPO,700000.0,0
70,2.140393793378247,MAPPO,710000.0,0
71,2.1448150347025985,MAPPO,720000.0,0
72,2.15515202776208,MAPPO,730000.0,0
73,2.153421622209665,MAPPO,740000.0,0
74,2.153837297767733,MAPPO,750000.0,0
75,2.1568698382141873,MAPPO,760000.0,0
76,2.160595870571351,MAPPO,770000.0,0
77,2.162576696457082,MAPPO,780000.0,0
78,2.1608613571656665,MAPPO,790000.0,0
79,2.1663890857325345,MAPPO,800000.0,0
80,2.168611268586029,MAPPO,810000.0,0
81,2.1685890148688243,MAPPO,820000.0,0
82,2.1615712118950605,MAPPO,830000.0,0
83,2.1663569695160496,MAPPO,840000.0,0
84,2.165485575612841,MAPPO,850000.0,0
85,2.165288460490274,MAPPO,860000.0,0
86,2.1587307683922203,MAPPO,870000.0,0
87,2.1626846147137773,MAPPO,880000.0,0
88,2.170947691771023,MAPPO,890000.0,0
89,2.17495815341682,MAPPO,900000.0,0
90,2.177366522733457,MAPPO,910000.0,0
91,2.179993218186767,MAPPO,920000.0,0
92,2.1812945745494146,MAPPO,930000.0,0
93,2.180635659639533,MAPPO,940000.0,0
94,2.1786085277116274,MAPPO,950000.0,0
95,2.178486822169303,MAPPO,960000.0,0
96,2.1819894577354435,MAPPO,970000.0,0
97,2.1809915661883563,MAPPO,980000.0,0
98,2.177293252950686,MAPPO,990000.0,0
99,2.1820346023605497,MAPPO,1000000.0,0
0,0.37049999999999933,MAPPO,10000.0,0
1,0.3471999999999994,MAPPO,20000.0,0
2,0.32125999999999943,MAPPO,30000.0,0
3,0.3848079999999997,MAPPO,40000.0,0
4,0.43284639999999985,MAPPO,50000.0,0
5,0.48217712,MAPPO,60000.0,0
6,0.5428416960000002,MAPPO,70000.0,0
7,0.5898733568000004,MAPPO,80000.0,0
8,0.6605986854400007,MAPPO,90000.0,0
9,0.692478948352001,MAPPO,100000.0,0
10,0.7511831586816012,MAPPO,110000.0,0
11,0.8302465269452816,MAPPO,120000.0,0
12,0.9008972215562259,MAPPO,130000.0,0
13,0.9595177772449813,MAPPO,140000.0,0
14,1.028814221795986,MAPPO,150000.0,0
15,1.0481513774367892,MAPPO,160000.0,0
16,1.085721101949432,MAPPO,170000.0,0
17,1.1411768815595462,MAPPO,180000.0,0
18,1.1729415052476377,MAPPO,190000.0,0
19,1.2105532041981109,MAPPO,200000.0,0
20,1.2765425633584897,MAPPO,210000.0,0
21,1.3495340506867928,MAPPO,220000.0,0
22,1.3963272405494351,MAPPO,230000.0,0
23,1.439161792439549,MAPPO,240000.0,0
24,1.4682294339516402,MAPPO,250000.0,0
25,1.5223835471613132,MAPPO,260000.0,0
26,1.5538068377290515,MAPPO,270000.0,0
27,1.5873454701832421,MAPPO,280000.0,0
28,1.6378763761465949,MAPPO,290000.0,0
29,1.674701100917277,MAPPO,300000.0,0
30,1.7203608807338227,MAPPO,310000.0,0
31,1.7800887045870593,MAPPO,320000.0,0
32,1.8285709636696486,MAPPO,330000.0,0
33,1.85925677093572,MAPPO,340000.0,0
34,1.874405416748577,MAPPO,350000.0,0
35,1.8985243333988628,MAPPO,360000.0,0
36,1.9225194667190915,MAPPO,370000.0,0
37,1.909315573375274,MAPPO,380000.0,0
38,1.8986524587002205,MAPPO,390000.0,0
39,1.8963219669601776,MAPPO,400000.0,0
40,1.9197575735681431,MAPPO,410000.0,0
41,1.9482060588545156,MAPPO,420000.0,0
42,1.9548648470836136,MAPPO,430000.0,0
43,1.962691877666892,MAPPO,440000.0,0
44,1.9756535021335149,MAPPO,450000.0,0
45,1.996622801706813,MAPPO,460000.0,0
46,2.0069982413654515,MAPPO,470000.0,0
47,2.0257985930923623,MAPPO,480000.0,0
48,2.044438874473891,MAPPO,490000.0,0
49,2.0471510995791142,MAPPO,500000.0,0
50,2.051620879663292,MAPPO,510000.0,0
51,2.067096703730635,MAPPO,520000.0,0
52,2.078977362984509,MAPPO,530000.0,0
53,2.0928818903876083,MAPPO,540000.0,0
54,2.0851055123100877,MAPPO,550000.0,0
55,2.0539844098480713,MAPPO,560000.0,0
56,2.0612875278784584,MAPPO,570000.0,0
57,2.070130022302768,MAPPO,580000.0,0
58,2.0786040178422156,MAPPO,590000.0,0
59,2.0864832142737737,MAPPO,600000.0,0
60,2.08428657141902,MAPPO,610000.0,0
61,2.0792292571352173,MAPPO,620000.0,0
62,2.077883405708175,MAPPO,630000.0,0
63,2.098406724566541,MAPPO,640000.0,0
64,2.101125379653234,MAPPO,650000.0,0
65,2.104900303722588,MAPPO,660000.0,0
66,2.1139202429780717,MAPPO,670000.0,0
67,2.1138361943824586,MAPPO,680000.0,0
68,2.113868955505968,MAPPO,690000.0,0
69,2.122495164404776,MAPPO,700000.0,0
70,2.1290961315238217,MAPPO,710000.0,0
71,2.1323769052190586,MAPPO,720000.0,0
72,2.136501524175248,MAPPO,730000.0,0
73,2.1379012193401996,MAPPO,740000.0,0
74,2.138420975472161,MAPPO,750000.0,0
75,2.1490367803777297,MAPPO,760000.0,0
76,2.153529424302185,MAPPO,770000.0,0
77,2.157023539441749,MAPPO,780000.0,0
78,2.1564188315534003,MAPPO,790000.0,0
79,2.1621350652427216,MAPPO,800000.0,0
80,2.1604080521941786,MAPPO,810000.0,0
81,2.161926441755344,MAPPO,820000.0,0
82,2.160541153404276,MAPPO,830000.0,0
83,2.161632922723422,MAPPO,840000.0,0
84,2.159806338178739,MAPPO,850000.0,0
85,2.1670450705429922,MAPPO,860000.0,0
86,2.170836056434395,MAPPO,870000.0,0
87,2.176668845147517,MAPPO,880000.0,0
88,2.178235076118015,MAPPO,890000.0,0
89,2.176588060894413,MAPPO,900000.0,0
90,2.1805704487155313,MAPPO,910000.0,0
91,2.162656358972426,MAPPO,920000.0,0
92,2.163725087177942,MAPPO,930000.0,0
93,2.163880069742355,MAPPO,940000.0,0
94,2.171304055793885,MAPPO,950000.0,0
95,2.1696432446351093,MAPPO,960000.0,0
96,2.1714145957080886,MAPPO,970000.0,0
97,2.175531676566472,MAPPO,980000.0,0
98,2.1741253412531787,MAPPO,990000.0,0
99,2.176800273002544,MAPPO,1000000.0,0
0,0.009999999999999998,MAPPO,10000.0,0
1,0.03699999999999995,MAPPO,20000.0,0
2,0.10079999999999988,MAPPO,30000.0,0
3,0.14973999999999982,MAPPO,40000.0,0
4,0.20409199999999977,MAPPO,50000.0,0
5,0.27477360000000006,MAPPO,60000.0,0
6,0.35011888000000024,MAPPO,70000.0,0
7,0.4172951040000003,MAPPO,80000.0,0
8,0.49153608320000053,MAPPO,90000.0,0
9,0.5895288665600008,MAPPO,100000.0,0
10,0.676823093248001,MAPPO,110000.0,0
11,0.7711584745984015,MAPPO,120000.0,0
12,0.8336267796787217,MAPPO,130000.0,0
13,0.8794014237429778,MAPPO,140000.0,0
14,0.9362211389943828,MAPPO,150000.0,0
15,0.9747769111955068,MAPPO,160000.0,0
16,1.0537215289564061,MAPPO,170000.0,0
17,1.1383772231651257,MAPPO,180000.0,0
18,1.2173017785321014,MAPPO,190000.0,0
19,1.2885414228256822,MAPPO,200000.0,0
20,1.3573331382605467,MAPPO,210000.0,0
21,1.4334665106084383,MAPPO,220000.0,0
22,1.4986732084867518,MAPPO,230000.0,0
23,1.5697385667894024,MAPPO,240000.0,0
24,1.6371908534315232,MAPPO,250000.0,0
25,1.6837526827452196,MAPPO,260000.0,0
26,1.7209021461961769,MAPPO,270000.0,0
27,1.7379217169569428,MAPPO,280000.0,0
28,1.7729373735655551,MAPPO,290000.0,0
29,1.803249898852445,MAPPO,300000.0,0
30,1.8338999190819572,MAPPO,310000.0,0
31,1.8711199352655667,MAPPO,320000.0,0
32,1.8978959482124547,MAPPO,330000.0,0
33,1.9263167585699648,MAPPO,340000.0,0
34,1.954053406855973,MAPPO,350000.0,0
35,1.9777427254847795,MAPPO,360000.0,0
36,2.0000941803878245,MAPPO,370000.0,0
37,2.013275344310261,MAPPO,380000.0,0
38,2.03352027544821,MAPPO,390000.0,0
39,2.053516220358569,MAPPO,400000.0,0
40,2.0634129762868563,MAPPO,410000.0,0
41,2.0722303810294864,MAPPO,420000.0,0
42,2.08528430482359,MAPPO,430000.0,0
43,2.0919274438588733,MAPPO,440000.0,0
44,2.1036419550870997,MAPPO,450000.0,0
45,2.1126135640696813,MAPPO,460000.0,0
46,2.1209908512557463,MAPPO,470000.0,0
47,2.117792681004598,MAPPO,480000.0,0
48,2.12493414480368,MAPPO,490000.0,0
49,2.127247315842945,MAPPO,500000.0,0
50,2.128397852674357,MAPPO,510000.0,0
51,2.129318282139487,MAPPO,520000.0,0
52,2.136554625711591,MAPPO,530000.0,0
53,2.1376437005692734,MAPPO,540000.0,0
54,2.14901496045542,MAPPO,550000.0,0
55,2.161211968364337,MAPPO,560000.0,0
56,2.164469574691471,MAPPO,570000.0,0
57,2.1633756597531777,MAPPO,580000.0,0
58,2.163600527802543,MAPPO,590000.0,0
59,2.1679804222420356,MAPPO,600000.0,0
60,2.1695843377936295,MAPPO,610000.0,0
61,2.1735674702349046,MAPPO,620000.0,0
62,2.1753539761879246,MAPPO,630000.0,0
63,2.178083180950341,MAPPO,640000.0,0
64,2.171266544760274,MAPPO,650000.0,0
65,2.1447132358082204,MAPPO,660000.0,0
66,2.1260705886465776,MAPPO,670000.0,0
67,2.132156470917263,MAPPO,680000.0,0
68,2.1476251767338117,MAPPO,690000.0,0
69,2.1551001413870505,MAPPO,700000.0,0
70,2.1401801131096416,MAPPO,710000.0,0
71,2.1480440904877143,MAPPO,720000.0,0
72,2.1582352723901725,MAPPO,730000.0,0
73,2.164988217912139,MAPPO,740000.0,0
74,2.1710905743297126,MAPPO,750000.0,0
75,2.173572459463771,MAPPO,760000.0,0
76,2.177157967571018,MAPPO,770000.0,0
77,2.179826374056816,MAPPO,780000.0,0
78,2.180261099245454,MAPPO,790000.0,0
79,2.1788088793963643,MAPPO,800000.0,0
80,2.1882471035170927,MAPPO,810000.0,0
81,2.191997682813675,MAPPO,820000.0,0
82,2.1959981462509415,MAPPO,830000.0,0
83,2.1956985170007544,MAPPO,840000.0,0
84,2.1595588136006048,MAPPO,850000.0,0
85,2.166047050880485,MAPPO,860000.0,0
86,2.1687376407043892,MAPPO,870000.0,0
87,2.1764901125635125,MAPPO,880000.0,0
88,2.1760920900508114,MAPPO,890000.0,0
89,2.16987367204065,MAPPO,900000.0,0
90,2.1679989376325213,MAPPO,910000.0,0
91,2.172999150106018,MAPPO,920000.0,0
92,2.153599320084816,MAPPO,930000.0,0
93,2.1423794560678537,MAPPO,940000.0,0
94,2.1548035648542845,MAPPO,950000.0,0
95,2.1626428518834286,MAPPO,960000.0,0
96,2.170814281506744,MAPPO,970000.0,0
97,2.1805514252053966,MAPPO,980000.0,0
98,2.1904411401643182,MAPPO,990000.0,0
99,2.197252912131456,MAPPO,1000000.0,0
