,eval_win_rate,algo,step,scenario
0,0.0,MAT,10000.0,10gen_terran 10v10
1,0.0,MAT,260000.0,10gen_terran 10v10
2,0.00625,MAT,510000.0,10gen_terran 10v10
3,0.011250000000000001,MAT,760000.0,10gen_terran 10v10
4,0.021500000000000002,MAT,1010000.0,10gen_terran 10v10
5,0.029700000000000004,MAT,1260000.0,10gen_terran 10v10
6,0.042510000000000006,MAT,1510000.0,10gen_terran 10v10
7,0.059008000000000005,MAT,1760000.0,10gen_terran 10v10
8,0.05970640000000001,MAT,2010000.0,10gen_terran 10v10
9,0.06651512000000001,MAT,2260000.0,10gen_terran 10v10
10,0.09071209600000002,MAT,2510000.0,10gen_terran 10v10
11,0.11631967680000002,MAT,2760000.0,10gen_terran 10v10
12,0.09930574144000003,MAT,3010000.0,10gen_terran 10v10
13,0.12319459315200004,MAT,3260000.0,10gen_terran 10v10
14,0.12980567452160002,MAT,3510000.0,10gen_terran 10v10
15,0.11634453961728002,MAT,3760000.0,10gen_terran 10v10
16,0.16182563169382402,MAT,4010000.0,10gen_terran 10v10
17,0.14821050535505925,MAT,4260000.0,10gen_terran 10v10
18,0.1435684042840474,MAT,4510000.0,10gen_terran 10v10
19,0.17110472342723793,MAT,4760000.0,10gen_terran 10v10
20,0.18063377874179035,MAT,5010000.0,10gen_terran 10v10
0,0.0,MAT,10000.0,10gen_terran 10v10
1,0.0125,MAT,260000.0,10gen_terran 10v10
2,0.022500000000000003,MAT,510000.0,10gen_terran 10v10
3,0.030500000000000003,MAT,760000.0,10gen_terran 10v10
4,0.0369,MAT,1010000.0,10gen_terran 10v10
5,0.054520000000000006,MAT,1260000.0,10gen_terran 10v10
6,0.04986600000000001,MAT,1510000.0,10gen_terran 10v10
7,0.0648928,MAT,1760000.0,10gen_terran 10v10
8,0.08941424,MAT,2010000.0,10gen_terran 10v10
9,0.11528139200000001,MAT,2260000.0,10gen_terran 10v10
10,0.12972511360000002,MAT,2510000.0,10gen_terran 10v10
11,0.13503009088,MAT,2760000.0,10gen_terran 10v10
12,0.139274072704,MAT,3010000.0,10gen_terran 10v10
13,0.1551692581632,MAT,3260000.0,10gen_terran 10v10
14,0.13663540653056003,MAT,3510000.0,10gen_terran 10v10
15,0.15305832522444804,MAT,3760000.0,10gen_terran 10v10
16,0.15369666017955844,MAT,4010000.0,10gen_terran 10v10
17,0.19170732814364677,MAT,4260000.0,10gen_terran 10v10
18,0.19711586251491744,MAT,4510000.0,10gen_terran 10v10
19,0.22644269001193398,MAT,4760000.0,10gen_terran 10v10
20,0.26865415200954723,MAT,5010000.0,10gen_terran 10v10
21,0.2524233216076378,MAT,5260000.0,10gen_terran 10v10
0,0.0,MAT,10000.0,10gen_terran 10v10
1,0.018750000000000003,MAT,260000.0,10gen_terran 10v10
2,0.021250000000000005,MAT,510000.0,10gen_terran 10v10
3,0.017000000000000005,MAT,760000.0,10gen_terran 10v10
4,0.026100000000000005,MAT,1010000.0,10gen_terran 10v10
5,0.020880000000000006,MAT,1260000.0,10gen_terran 10v10
6,0.029204000000000008,MAT,1510000.0,10gen_terran 10v10
7,0.04211320000000001,MAT,1760000.0,10gen_terran 10v10
8,0.05869056000000001,MAT,2010000.0,10gen_terran 10v10
9,0.08445244800000001,MAT,2260000.0,10gen_terran 10v10
10,0.10506195840000002,MAT,2510000.0,10gen_terran 10v10
11,0.13404956672,MAT,2760000.0,10gen_terran 10v10
12,0.150989653376,MAT,3010000.0,10gen_terran 10v10
13,0.16454172270080003,MAT,3260000.0,10gen_terran 10v10
14,0.16913337816064003,MAT,3510000.0,10gen_terran 10v10
15,0.17280670252851205,MAT,3760000.0,10gen_terran 10v10
16,0.18824536202280967,MAT,4010000.0,10gen_terran 10v10
17,0.17559628961824775,MAT,4260000.0,10gen_terran 10v10
18,0.1967270316945982,MAT,4510000.0,10gen_terran 10v10
19,0.20113162535567858,MAT,4760000.0,10gen_terran 10v10
20,0.24840530028454288,MAT,5010000.0,10gen_terran 10v10
21,0.26747424022763433,MAT,5260000.0,10gen_terran 10v10
22,0.3264793921821075,MAT,5510000.0,10gen_terran 10v10
23,0.342433513745686,MAT,5760000.0,10gen_terran 10v10
0,0.0,MAT,10000.0,10gen_terran 10v10
1,0.00625,MAT,260000.0,10gen_terran 10v10
2,0.011250000000000001,MAT,510000.0,10gen_terran 10v10
3,0.015250000000000001,MAT,760000.0,10gen_terran 10v10
4,0.037200000000000004,MAT,1010000.0,10gen_terran 10v10
5,0.05476,MAT,1260000.0,10gen_terran 10v10
6,0.062558,MAT,1510000.0,10gen_terran 10v10
7,0.08754640000000001,MAT,1760000.0,10gen_terran 10v10
8,0.10128712000000001,MAT,2010000.0,10gen_terran 10v10
9,0.11227969600000001,MAT,2260000.0,10gen_terran 10v10
10,0.10857375680000002,MAT,2510000.0,10gen_terran 10v10
11,0.11810900544000003,MAT,2760000.0,10gen_terran 10v10
12,0.13823720435200004,MAT,3010000.0,10gen_terran 10v10
13,0.11683976348160005,MAT,3260000.0,10gen_terran 10v10
14,0.10597181078528005,MAT,3510000.0,10gen_terran 10v10
15,0.14102744862822406,MAT,3760000.0,10gen_terran 10v10
16,0.16282195890257925,MAT,4010000.0,10gen_terran 10v10
17,0.1552575671220634,MAT,4260000.0,10gen_terran 10v10
18,0.18045605369765072,MAT,4510000.0,10gen_terran 10v10
19,0.20686484295812058,MAT,4760000.0,10gen_terran 10v10
20,0.2029918743664965,MAT,5010000.0,10gen_terran 10v10
21,0.2061434994931972,MAT,5260000.0,10gen_terran 10v10
22,0.21491479959455778,MAT,5510000.0,10gen_terran 10v10
0,0.0,AengMixer,10000.0,10gen_terran 10v10
1,0.0,AengMixer,260000.0,10gen_terran 10v10
2,0.00625,AengMixer,510000.0,10gen_terran 10v10
3,0.0175,AengMixer,760000.0,10gen_terran 10v10
4,0.020250000000000004,AengMixer,1010000.0,10gen_terran 10v10
5,0.0412,AengMixer,1260000.0,10gen_terran 10v10
6,0.06421,AengMixer,1510000.0,10gen_terran 10v10
7,0.07011800000000001,AengMixer,1760000.0,10gen_terran 10v10
8,0.08109440000000001,AengMixer,2010000.0,10gen_terran 10v10
9,0.08362552000000001,AengMixer,2260000.0,10gen_terran 10v10
10,0.079400416,AengMixer,2510000.0,10gen_terran 10v10
11,0.08227033280000001,AengMixer,2760000.0,10gen_terran 10v10
12,0.08456626624000002,AengMixer,3010000.0,10gen_terran 10v10
13,0.09265301299200002,AengMixer,3260000.0,10gen_terran 10v10
14,0.09912241039360001,AengMixer,3510000.0,10gen_terran 10v10
15,0.11054792831488001,AengMixer,3760000.0,10gen_terran 10v10
16,0.13843834265190402,AengMixer,4010000.0,10gen_terran 10v10
17,0.14200067412152323,AengMixer,4260000.0,10gen_terran 10v10
18,0.13860053929721858,AengMixer,4510000.0,10gen_terran 10v10
19,0.12963043143777486,AengMixer,4760000.0,10gen_terran 10v10
20,0.1599543451502199,AengMixer,5010000.0,10gen_terran 10v10
21,0.17171347612017593,AengMixer,5260000.0,10gen_terran 10v10
22,0.16237078089614074,AengMixer,5510000.0,10gen_terran 10v10
23,0.1673966247169126,AengMixer,5760000.0,10gen_terran 10v10
24,0.1651672997735301,AengMixer,6010000.0,10gen_terran 10v10
25,0.17588383981882408,AengMixer,6260000.0,10gen_terran 10v10
26,0.18445707185505927,AengMixer,6510000.0,10gen_terran 10v10
27,0.17881565748404743,AengMixer,6760000.0,10gen_terran 10v10
28,0.18680252598723796,AengMixer,7010000.0,10gen_terran 10v10
29,0.21194202078979038,AengMixer,7260000.0,10gen_terran 10v10
30,0.20705361663183233,AengMixer,7510000.0,10gen_terran 10v10
31,0.2406428933054659,AengMixer,7760000.0,10gen_terran 10v10
32,0.24251431464437273,AengMixer,8010000.0,10gen_terran 10v10
33,0.2315114517154982,AengMixer,8260000.0,10gen_terran 10v10
34,0.24770916137239857,AengMixer,8510000.0,10gen_terran 10v10
35,0.2669173290979189,AengMixer,8760000.0,10gen_terran 10v10
36,0.2635338632783351,AengMixer,9010000.0,10gen_terran 10v10
37,0.2608270906226681,AengMixer,9260000.0,10gen_terran 10v10
38,0.2586616724981345,AengMixer,9510000.0,10gen_terran 10v10
39,0.2506793379985076,AengMixer,9760000.0,10gen_terran 10v10
0,0.0,AengMixer,10000.0,10gen_terran 10v10
1,0.0,AengMixer,260000.0,10gen_terran 10v10
2,0.025,AengMixer,510000.0,10gen_terran 10v10
3,0.026250000000000002,AengMixer,760000.0,10gen_terran 10v10
4,0.027250000000000003,AengMixer,1010000.0,10gen_terran 10v10
5,0.04680000000000001,AengMixer,1260000.0,10gen_terran 10v10
6,0.04994000000000001,AengMixer,1510000.0,10gen_terran 10v10
7,0.05870200000000002,AengMixer,1760000.0,10gen_terran 10v10
8,0.04696160000000002,AengMixer,2010000.0,10gen_terran 10v10
9,0.06256928000000002,AengMixer,2260000.0,10gen_terran 10v10
10,0.06255542400000001,AengMixer,2510000.0,10gen_terran 10v10
11,0.06879433920000001,AengMixer,2760000.0,10gen_terran 10v10
12,0.08628547136,AengMixer,3010000.0,10gen_terran 10v10
13,0.09402837708800002,AengMixer,3260000.0,10gen_terran 10v10
14,0.1252227016704,AengMixer,3510000.0,10gen_terran 10v10
15,0.12517816133632,AengMixer,3760000.0,10gen_terran 10v10
16,0.13139252906905602,AengMixer,4010000.0,10gen_terran 10v10
17,0.16136402325524482,AengMixer,4260000.0,10gen_terran 10v10
18,0.16034121860419587,AengMixer,4510000.0,10gen_terran 10v10
19,0.1532729748833567,AengMixer,4760000.0,10gen_terran 10v10
20,0.17261837990668538,AengMixer,5010000.0,10gen_terran 10v10
21,0.17559470392534832,AengMixer,5260000.0,10gen_terran 10v10
22,0.16547576314027865,AengMixer,5510000.0,10gen_terran 10v10
23,0.18238061051222293,AengMixer,5760000.0,10gen_terran 10v10
24,0.18965448840977836,AengMixer,6010000.0,10gen_terran 10v10
25,0.19547359072782272,AengMixer,6260000.0,10gen_terran 10v10
26,0.1938788725822582,AengMixer,6510000.0,10gen_terran 10v10
27,0.18635309806580658,AengMixer,6760000.0,10gen_terran 10v10
28,0.20533247845264527,AengMixer,7010000.0,10gen_terran 10v10
29,0.20801598276211625,AengMixer,7260000.0,10gen_terran 10v10
30,0.21016278620969303,AengMixer,7510000.0,10gen_terran 10v10
31,0.1868802289677544,AengMixer,7760000.0,10gen_terran 10v10
32,0.17450418317420352,AengMixer,8010000.0,10gen_terran 10v10
33,0.17085334653936282,AengMixer,8260000.0,10gen_terran 10v10
34,0.1554326772314903,AengMixer,8510000.0,10gen_terran 10v10
35,0.18059614178519223,AengMixer,8760000.0,10gen_terran 10v10
36,0.2007269134281538,AengMixer,9010000.0,10gen_terran 10v10
37,0.21058153074252306,AengMixer,9260000.0,10gen_terran 10v10
38,0.23096522459401847,AengMixer,9510000.0,10gen_terran 10v10
39,0.24102217967521478,AengMixer,9760000.0,10gen_terran 10v10
0,0.0,AengMixer,10000.0,10gen_terran 10v10
1,0.0,AengMixer,260000.0,10gen_terran 10v10
2,0.0,AengMixer,510000.0,10gen_terran 10v10
3,0.018750000000000003,AengMixer,760000.0,10gen_terran 10v10
4,0.021250000000000005,AengMixer,1010000.0,10gen_terran 10v10
5,0.023250000000000007,AengMixer,1260000.0,10gen_terran 10v10
6,0.03735000000000001,AengMixer,1510000.0,10gen_terran 10v10
7,0.03613000000000001,AengMixer,1760000.0,10gen_terran 10v10
8,0.05390400000000001,AengMixer,2010000.0,10gen_terran 10v10
9,0.049373200000000006,AengMixer,2260000.0,10gen_terran 10v10
10,0.06449856000000001,AengMixer,2510000.0,10gen_terran 10v10
11,0.07034884800000002,AengMixer,2760000.0,10gen_terran 10v10
12,0.06877907840000001,AengMixer,3010000.0,10gen_terran 10v10
13,0.06752326272000002,AengMixer,3260000.0,10gen_terran 10v10
14,0.09151861017600002,AengMixer,3510000.0,10gen_terran 10v10
15,0.09821488814080001,AengMixer,3760000.0,10gen_terran 10v10
16,0.09107191051264,AengMixer,4010000.0,10gen_terran 10v10
17,0.141607528410112,AengMixer,4260000.0,10gen_terran 10v10
18,0.1570360227280896,AengMixer,4510000.0,10gen_terran 10v10
19,0.1568788181824717,AengMixer,4760000.0,10gen_terran 10v10
20,0.18800305454597738,AengMixer,5010000.0,10gen_terran 10v10
21,0.1754024436367819,AengMixer,5260000.0,10gen_terran 10v10
22,0.15282195490942554,AengMixer,5510000.0,10gen_terran 10v10
23,0.17225756392754044,AengMixer,5760000.0,10gen_terran 10v10
24,0.18155605114203235,AengMixer,6010000.0,10gen_terran 10v10
25,0.2139948409136259,AengMixer,6260000.0,10gen_terran 10v10
26,0.20869587273090073,AengMixer,6510000.0,10gen_terran 10v10
27,0.1982066981847206,AengMixer,6760000.0,10gen_terran 10v10
28,0.21481535854777647,AengMixer,7010000.0,10gen_terran 10v10
29,0.2156022868382212,AengMixer,7260000.0,10gen_terran 10v10
30,0.19748182947057696,AengMixer,7510000.0,10gen_terran 10v10
31,0.20798546357646158,AengMixer,7760000.0,10gen_terran 10v10
32,0.2163883708611693,AengMixer,8010000.0,10gen_terran 10v10
33,0.20436069668893544,AengMixer,8260000.0,10gen_terran 10v10
34,0.21973855735114836,AengMixer,8510000.0,10gen_terran 10v10
35,0.2320408458809187,AengMixer,8760000.0,10gen_terran 10v10
36,0.25438267670473497,AengMixer,9010000.0,10gen_terran 10v10
37,0.24100614136378798,AengMixer,9260000.0,10gen_terran 10v10
38,0.2615549130910304,AengMixer,9510000.0,10gen_terran 10v10
39,0.28424393047282437,AengMixer,9760000.0,10gen_terran 10v10
0,0.0,MAT-Dec,10000.0,10gen_terran 10v10
1,0.0,MAT-Dec,260000.0,10gen_terran 10v10
2,0.0,MAT-Dec,510000.0,10gen_terran 10v10
3,0.025,MAT-Dec,760000.0,10gen_terran 10v10
4,0.026250000000000002,MAT-Dec,1010000.0,10gen_terran 10v10
5,0.0335,MAT-Dec,1260000.0,10gen_terran 10v10
6,0.03305,MAT-Dec,1510000.0,10gen_terran 10v10
7,0.04519000000000001,MAT-Dec,1760000.0,10gen_terran 10v10
8,0.04240200000000001,MAT-Dec,2010000.0,10gen_terran 10v10
9,0.05267160000000001,MAT-Dec,2260000.0,10gen_terran 10v10
10,0.05463728000000001,MAT-Dec,2510000.0,10gen_terran 10v10
11,0.08120982400000001,MAT-Dec,2760000.0,10gen_terran 10v10
12,0.08996785920000003,MAT-Dec,3010000.0,10gen_terran 10v10
13,0.11572428736000004,MAT-Dec,3260000.0,10gen_terran 10v10
14,0.12382942988800004,MAT-Dec,3510000.0,10gen_terran 10v10
15,0.12406354391040003,MAT-Dec,3760000.0,10gen_terran 10v10
16,0.12425083512832003,MAT-Dec,4010000.0,10gen_terran 10v10
17,0.11815066810265602,MAT-Dec,4260000.0,10gen_terran 10v10
18,0.13827053448212484,MAT-Dec,4510000.0,10gen_terran 10v10
19,0.1418664275856999,MAT-Dec,4760000.0,10gen_terran 10v10
20,0.16349314206855992,MAT-Dec,5010000.0,10gen_terran 10v10
21,0.15579451365484792,MAT-Dec,5260000.0,10gen_terran 10v10
22,0.17463561092387836,MAT-Dec,5510000.0,10gen_terran 10v10
23,0.19595848873910268,MAT-Dec,5760000.0,10gen_terran 10v10
24,0.19426679099128216,MAT-Dec,6010000.0,10gen_terran 10v10
25,0.23041343279302576,MAT-Dec,6260000.0,10gen_terran 10v10
26,0.2405807462344206,MAT-Dec,6510000.0,10gen_terran 10v10
27,0.21746459698753648,MAT-Dec,6760000.0,10gen_terran 10v10
28,0.1802216775900292,MAT-Dec,7010000.0,10gen_terran 10v10
29,0.19417734207202336,MAT-Dec,7260000.0,10gen_terran 10v10
30,0.1803418736576187,MAT-Dec,7510000.0,10gen_terran 10v10
31,0.18802349892609496,MAT-Dec,7760000.0,10gen_terran 10v10
32,0.20041879914087596,MAT-Dec,8010000.0,10gen_terran 10v10
33,0.21033503931270076,MAT-Dec,8260000.0,10gen_terran 10v10
34,0.24326803145016063,MAT-Dec,8510000.0,10gen_terran 10v10
35,0.2383644251601285,MAT-Dec,8760000.0,10gen_terran 10v10
36,0.24694154012810282,MAT-Dec,9010000.0,10gen_terran 10v10
37,0.2663032321024823,MAT-Dec,9260000.0,10gen_terran 10v10
38,0.26304258568198585,MAT-Dec,9510000.0,10gen_terran 10v10
39,0.27293406854558866,MAT-Dec,9760000.0,10gen_terran 10v10
0,0.0,MAT-Dec,10000.0,10gen_terran 10v10
1,0.00625,MAT-Dec,260000.0,10gen_terran 10v10
2,0.005000000000000001,MAT-Dec,510000.0,10gen_terran 10v10
3,0.004000000000000001,MAT-Dec,760000.0,10gen_terran 10v10
4,0.003200000000000001,MAT-Dec,1010000.0,10gen_terran 10v10
5,0.002560000000000001,MAT-Dec,1260000.0,10gen_terran 10v10
6,0.014548000000000002,MAT-Dec,1510000.0,10gen_terran 10v10
7,0.030388400000000003,MAT-Dec,1760000.0,10gen_terran 10v10
8,0.036810720000000005,MAT-Dec,2010000.0,10gen_terran 10v10
9,0.029448576000000004,MAT-Dec,2260000.0,10gen_terran 10v10
10,0.054808860800000005,MAT-Dec,2510000.0,10gen_terran 10v10
11,0.05634708864,MAT-Dec,2760000.0,10gen_terran 10v10
12,0.095077670912,MAT-Dec,3010000.0,10gen_terran 10v10
13,0.10731213672960001,MAT-Dec,3260000.0,10gen_terran 10v10
14,0.11709970938368001,MAT-Dec,3510000.0,10gen_terran 10v10
15,0.11242976750694401,MAT-Dec,3760000.0,10gen_terran 10v10
16,0.13369381400555522,MAT-Dec,4010000.0,10gen_terran 10v10
17,0.14445505120444418,MAT-Dec,4260000.0,10gen_terran 10v10
18,0.14681404096355535,MAT-Dec,4510000.0,10gen_terran 10v10
19,0.1737012327708443,MAT-Dec,4760000.0,10gen_terran 10v10
20,0.19521098621667543,MAT-Dec,5010000.0,10gen_terran 10v10
21,0.19366878897334036,MAT-Dec,5260000.0,10gen_terran 10v10
22,0.1799350311786723,MAT-Dec,5510000.0,10gen_terran 10v10
23,0.17519802494293785,MAT-Dec,5760000.0,10gen_terran 10v10
24,0.22765841995435027,MAT-Dec,6010000.0,10gen_terran 10v10
25,0.20712673596348022,MAT-Dec,6260000.0,10gen_terran 10v10
26,0.1844513887707842,MAT-Dec,6510000.0,10gen_terran 10v10
27,0.22256111101662737,MAT-Dec,6760000.0,10gen_terran 10v10
28,0.2342988888133019,MAT-Dec,7010000.0,10gen_terran 10v10
29,0.24368911105064153,MAT-Dec,7260000.0,10gen_terran 10v10
30,0.25120128884051324,MAT-Dec,7510000.0,10gen_terran 10v10
31,0.26971103107241057,MAT-Dec,7760000.0,10gen_terran 10v10
32,0.2595188248579285,MAT-Dec,8010000.0,10gen_terran 10v10
33,0.27011505988634277,MAT-Dec,8260000.0,10gen_terran 10v10
34,0.2848420479090742,MAT-Dec,8510000.0,10gen_terran 10v10
35,0.2841236383272594,MAT-Dec,8760000.0,10gen_terran 10v10
36,0.2960489106618075,MAT-Dec,9010000.0,10gen_terran 10v10
37,0.318089128529446,MAT-Dec,9260000.0,10gen_terran 10v10
38,0.3044713028235568,MAT-Dec,9510000.0,10gen_terran 10v10
39,0.30607704225884547,MAT-Dec,9760000.0,10gen_terran 10v10
0,0.0,MAT-Dec,10000.0,10gen_terran 10v10
1,0.00625,MAT-Dec,260000.0,10gen_terran 10v10
2,0.005000000000000001,MAT-Dec,510000.0,10gen_terran 10v10
3,0.010250000000000002,MAT-Dec,760000.0,10gen_terran 10v10
4,0.026950000000000005,MAT-Dec,1010000.0,10gen_terran 10v10
5,0.02781000000000001,MAT-Dec,1260000.0,10gen_terran 10v10
6,0.03474800000000001,MAT-Dec,1510000.0,10gen_terran 10v10
7,0.05279840000000001,MAT-Dec,1760000.0,10gen_terran 10v10
8,0.06723872,MAT-Dec,2010000.0,10gen_terran 10v10
9,0.066290976,MAT-Dec,2260000.0,10gen_terran 10v10
10,0.09678278080000001,MAT-Dec,2510000.0,10gen_terran 10v10
11,0.10867622464000001,MAT-Dec,2760000.0,10gen_terran 10v10
12,0.11819097971200002,MAT-Dec,3010000.0,10gen_terran 10v10
13,0.12580278376960002,MAT-Dec,3260000.0,10gen_terran 10v10
14,0.11939222701568003,MAT-Dec,3510000.0,10gen_terran 10v10
15,0.12051378161254403,MAT-Dec,3760000.0,10gen_terran 10v10
16,0.14641102529003525,MAT-Dec,4010000.0,10gen_terran 10v10
17,0.1608788202320282,MAT-Dec,4260000.0,10gen_terran 10v10
18,0.1662030561856226,MAT-Dec,4510000.0,10gen_terran 10v10
19,0.18921244494849807,MAT-Dec,4760000.0,10gen_terran 10v10
20,0.22011995595879846,MAT-Dec,5010000.0,10gen_terran 10v10
21,0.2260959647670388,MAT-Dec,5260000.0,10gen_terran 10v10
22,0.23087677181363103,MAT-Dec,5510000.0,10gen_terran 10v10
23,0.23470141745090484,MAT-Dec,5760000.0,10gen_terran 10v10
24,0.21901113396072389,MAT-Dec,6010000.0,10gen_terran 10v10
25,0.21895890716857913,MAT-Dec,6260000.0,10gen_terran 10v10
26,0.21266712573486332,MAT-Dec,6510000.0,10gen_terran 10v10
27,0.17638370058789068,MAT-Dec,6760000.0,10gen_terran 10v10
28,0.19735696047031254,MAT-Dec,7010000.0,10gen_terran 10v10
29,0.22038556837625004,MAT-Dec,7260000.0,10gen_terran 10v10
30,0.23880845470100004,MAT-Dec,7510000.0,10gen_terran 10v10
31,0.24729676376080004,MAT-Dec,7760000.0,10gen_terran 10v10
32,0.22908741100864005,MAT-Dec,8010000.0,10gen_terran 10v10
33,0.22076992880691207,MAT-Dec,8260000.0,10gen_terran 10v10
34,0.21411594304552967,MAT-Dec,8510000.0,10gen_terran 10v10
35,0.25254275443642377,MAT-Dec,8760000.0,10gen_terran 10v10
36,0.270784203549139,MAT-Dec,9010000.0,10gen_terran 10v10
37,0.27287736283931124,MAT-Dec,9260000.0,10gen_terran 10v10
38,0.274551890271449,MAT-Dec,9510000.0,10gen_terran 10v10
39,0.29464151221715923,MAT-Dec,9760000.0,10gen_terran 10v10
0,0.0,MAT-Dec,10000.0,10gen_terran 10v10
1,0.0,MAT-Dec,260000.0,10gen_terran 10v10
2,0.0,MAT-Dec,510000.0,10gen_terran 10v10
3,0.00625,MAT-Dec,760000.0,10gen_terran 10v10
4,0.011250000000000001,MAT-Dec,1010000.0,10gen_terran 10v10
5,0.027750000000000004,MAT-Dec,1260000.0,10gen_terran 10v10
6,0.04095000000000001,MAT-Dec,1510000.0,10gen_terran 10v10
7,0.04526000000000001,MAT-Dec,1760000.0,10gen_terran 10v10
8,0.048708000000000015,MAT-Dec,2010000.0,10gen_terran 10v10
9,0.05146640000000001,MAT-Dec,2260000.0,10gen_terran 10v10
10,0.08492312000000002,MAT-Dec,2510000.0,10gen_terran 10v10
11,0.09293849600000001,MAT-Dec,2760000.0,10gen_terran 10v10
12,0.0993507968,MAT-Dec,3010000.0,10gen_terran 10v10
13,0.09823063744,MAT-Dec,3260000.0,10gen_terran 10v10
14,0.103584509952,MAT-Dec,3510000.0,10gen_terran 10v10
15,0.12661760796160001,MAT-Dec,3760000.0,10gen_terran 10v10
16,0.13879408636928003,MAT-Dec,4010000.0,10gen_terran 10v10
17,0.15478526909542403,MAT-Dec,4260000.0,10gen_terran 10v10
18,0.14257821527633924,MAT-Dec,4510000.0,10gen_terran 10v10
19,0.1515625722210714,MAT-Dec,4760000.0,10gen_terran 10v10
20,0.1525000577768571,MAT-Dec,5010000.0,10gen_terran 10v10
21,0.1345000462214857,MAT-Dec,5260000.0,10gen_terran 10v10
22,0.13260003697718856,MAT-Dec,5510000.0,10gen_terran 10v10
23,0.18733002958175085,MAT-Dec,5760000.0,10gen_terran 10v10
24,0.1748640236654007,MAT-Dec,6010000.0,10gen_terran 10v10
25,0.22739121893232056,MAT-Dec,6260000.0,10gen_terran 10v10
26,0.23816297514585646,MAT-Dec,6510000.0,10gen_terran 10v10
27,0.2342803801166852,MAT-Dec,6760000.0,10gen_terran 10v10
28,0.22492430409334818,MAT-Dec,7010000.0,10gen_terran 10v10
29,0.22993944327467858,MAT-Dec,7260000.0,10gen_terran 10v10
30,0.23395155461974287,MAT-Dec,7510000.0,10gen_terran 10v10
31,0.23716124369579433,MAT-Dec,7760000.0,10gen_terran 10v10
32,0.23972899495663547,MAT-Dec,8010000.0,10gen_terran 10v10
33,0.2605331959653084,MAT-Dec,8260000.0,10gen_terran 10v10
34,0.27717655677224673,MAT-Dec,8510000.0,10gen_terran 10v10
35,0.2842412454177974,MAT-Dec,8760000.0,10gen_terran 10v10
36,0.2961429963342379,MAT-Dec,9010000.0,10gen_terran 10v10
37,0.31816439706739036,MAT-Dec,9260000.0,10gen_terran 10v10
38,0.32328151765391233,MAT-Dec,9510000.0,10gen_terran 10v10
39,0.3211252141231299,MAT-Dec,9760000.0,10gen_terran 10v10
0,0.0,MAT-Dec,10000.0,10gen_terran 10v10
1,0.0,MAT-Dec,260000.0,10gen_terran 10v10
2,0.00625,MAT-Dec,510000.0,10gen_terran 10v10
3,0.005000000000000001,MAT-Dec,760000.0,10gen_terran 10v10
4,0.010250000000000002,MAT-Dec,1010000.0,10gen_terran 10v10
5,0.014450000000000003,MAT-Dec,1260000.0,10gen_terran 10v10
6,0.017810000000000003,MAT-Dec,1510000.0,10gen_terran 10v10
7,0.026748000000000004,MAT-Dec,1760000.0,10gen_terran 10v10
8,0.03389840000000001,MAT-Dec,2010000.0,10gen_terran 10v10
9,0.03961872000000001,MAT-Dec,2260000.0,10gen_terran 10v10
10,0.037944976000000005,MAT-Dec,2510000.0,10gen_terran 10v10
11,0.06785598080000001,MAT-Dec,2760000.0,10gen_terran 10v10
12,0.07303478464000002,MAT-Dec,3010000.0,10gen_terran 10v10
13,0.07717782771200002,MAT-Dec,3260000.0,10gen_terran 10v10
14,0.09299226216960002,MAT-Dec,3510000.0,10gen_terran 10v10
15,0.13689380973568002,MAT-Dec,3760000.0,10gen_terran 10v10
16,0.14701504778854402,MAT-Dec,4010000.0,10gen_terran 10v10
17,0.18011203823083521,MAT-Dec,4260000.0,10gen_terran 10v10
18,0.16908963058466817,MAT-Dec,4510000.0,10gen_terran 10v10
19,0.19777170446773454,MAT-Dec,4760000.0,10gen_terran 10v10
20,0.19571736357418765,MAT-Dec,5010000.0,10gen_terran 10v10
21,0.19407389085935015,MAT-Dec,5260000.0,10gen_terran 10v10
22,0.20525911268748015,MAT-Dec,5510000.0,10gen_terran 10v10
23,0.17670729014998415,MAT-Dec,5760000.0,10gen_terran 10v10
24,0.18511583211998733,MAT-Dec,6010000.0,10gen_terran 10v10
25,0.20434266569598986,MAT-Dec,6260000.0,10gen_terran 10v10
26,0.18847413255679188,MAT-Dec,6510000.0,10gen_terran 10v10
27,0.20077930604543354,MAT-Dec,6760000.0,10gen_terran 10v10
28,0.21062344483634682,MAT-Dec,7010000.0,10gen_terran 10v10
29,0.23099875586907748,MAT-Dec,7260000.0,10gen_terran 10v10
30,0.222299004695262,MAT-Dec,7510000.0,10gen_terran 10v10
31,0.23408920375620962,MAT-Dec,7760000.0,10gen_terran 10v10
32,0.2435213630049677,MAT-Dec,8010000.0,10gen_terran 10v10
33,0.2448170904039742,MAT-Dec,8260000.0,10gen_terran 10v10
34,0.2396036723231794,MAT-Dec,8510000.0,10gen_terran 10v10
35,0.2854329378585435,MAT-Dec,8760000.0,10gen_terran 10v10
36,0.3033463502868348,MAT-Dec,9010000.0,10gen_terran 10v10
37,0.2739270802294679,MAT-Dec,9260000.0,10gen_terran 10v10
38,0.2878916641835743,MAT-Dec,9510000.0,10gen_terran 10v10
39,0.2990633313468595,MAT-Dec,9760000.0,10gen_terran 10v10
0,0.0,MAT-Dec,10000.0,10gen_terran 10v10
1,0.0,MAT-Dec,260000.0,10gen_terran 10v10
2,0.00625,MAT-Dec,510000.0,10gen_terran 10v10
3,0.005000000000000001,MAT-Dec,760000.0,10gen_terran 10v10
4,0.029,MAT-Dec,1010000.0,10gen_terran 10v10
5,0.0357,MAT-Dec,1260000.0,10gen_terran 10v10
6,0.028560000000000002,MAT-Dec,1510000.0,10gen_terran 10v10
7,0.029098000000000006,MAT-Dec,1760000.0,10gen_terran 10v10
8,0.0357784,MAT-Dec,2010000.0,10gen_terran 10v10
9,0.04112272,MAT-Dec,2260000.0,10gen_terran 10v10
10,0.039148176,MAT-Dec,2510000.0,10gen_terran 10v10
11,0.06881854080000001,MAT-Dec,2760000.0,10gen_terran 10v10
12,0.08630483264000001,MAT-Dec,3010000.0,10gen_terran 10v10
13,0.10029386611200002,MAT-Dec,3260000.0,10gen_terran 10v10
14,0.10523509288960001,MAT-Dec,3510000.0,10gen_terran 10v10
15,0.13418807431168,MAT-Dec,3760000.0,10gen_terran 10v10
16,0.15110045944934403,MAT-Dec,4010000.0,10gen_terran 10v10
17,0.15838036755947524,MAT-Dec,4260000.0,10gen_terran 10v10
18,0.18295429404758018,MAT-Dec,4510000.0,10gen_terran 10v10
19,0.18386343523806414,MAT-Dec,4760000.0,10gen_terran 10v10
20,0.1970907481904513,MAT-Dec,5010000.0,10gen_terran 10v10
21,0.21392259855236104,MAT-Dec,5260000.0,10gen_terran 10v10
22,0.20238807884188884,MAT-Dec,5510000.0,10gen_terran 10v10
23,0.21191046307351108,MAT-Dec,5760000.0,10gen_terran 10v10
24,0.17577837045880887,MAT-Dec,6010000.0,10gen_terran 10v10
25,0.2093726963670471,MAT-Dec,6260000.0,10gen_terran 10v10
26,0.2424981570936377,MAT-Dec,6510000.0,10gen_terran 10v10
27,0.25649852567491016,MAT-Dec,6760000.0,10gen_terran 10v10
28,0.2676988205399281,MAT-Dec,7010000.0,10gen_terran 10v10
29,0.2766590564319425,MAT-Dec,7260000.0,10gen_terran 10v10
30,0.30882724514555404,MAT-Dec,7510000.0,10gen_terran 10v10
31,0.29706179611644323,MAT-Dec,7760000.0,10gen_terran 10v10
32,0.3001494368931546,MAT-Dec,8010000.0,10gen_terran 10v10
33,0.3088695495145237,MAT-Dec,8260000.0,10gen_terran 10v10
34,0.30959563961161896,MAT-Dec,8510000.0,10gen_terran 10v10
35,0.32892651168929515,MAT-Dec,8760000.0,10gen_terran 10v10
36,0.3006412093514361,MAT-Dec,9010000.0,10gen_terran 10v10
37,0.26551296748114894,MAT-Dec,9260000.0,10gen_terran 10v10
38,0.25616037398491914,MAT-Dec,9510000.0,10gen_terran 10v10
39,0.26117829918793534,MAT-Dec,9760000.0,10gen_terran 10v10
0,0.0,MAVEN,10000.0,10gen_terran 10v10
1,0.0,MAVEN,260000.0,10gen_terran 10v10
2,0.00625,MAVEN,510000.0,10gen_terran 10v10
3,0.005000000000000001,MAVEN,760000.0,10gen_terran 10v10
4,0.010250000000000002,MAVEN,1010000.0,10gen_terran 10v10
5,0.014450000000000003,MAVEN,1260000.0,10gen_terran 10v10
6,0.030310000000000004,MAVEN,1510000.0,10gen_terran 10v10
7,0.04924800000000001,MAVEN,1760000.0,10gen_terran 10v10
8,0.06439840000000001,MAVEN,2010000.0,10gen_terran 10v10
9,0.05776872000000001,MAVEN,2260000.0,10gen_terran 10v10
10,0.07746497600000002,MAVEN,2510000.0,10gen_terran 10v10
11,0.10572198080000003,MAVEN,2760000.0,10gen_terran 10v10
12,0.12832758464000005,MAVEN,3010000.0,10gen_terran 10v10
13,0.13391206771200004,MAVEN,3260000.0,10gen_terran 10v10
14,0.16337965416960004,MAVEN,3510000.0,10gen_terran 10v10
15,0.19945372333568004,MAVEN,3760000.0,10gen_terran 10v10
16,0.19081297866854405,MAVEN,4010000.0,10gen_terran 10v10
17,0.20265038293483523,MAVEN,4260000.0,10gen_terran 10v10
18,0.1996203063478682,MAVEN,4510000.0,10gen_terran 10v10
19,0.19719624507829459,MAVEN,4760000.0,10gen_terran 10v10
20,0.1765069960626357,MAVEN,5010000.0,10gen_terran 10v10
21,0.19120559685010857,MAVEN,5260000.0,10gen_terran 10v10
22,0.1717144774800869,MAVEN,5510000.0,10gen_terran 10v10
23,0.1686215819840695,MAVEN,5760000.0,10gen_terran 10v10
24,0.1848972655872556,MAVEN,6010000.0,10gen_terran 10v10
25,0.1916678124698045,MAVEN,6260000.0,10gen_terran 10v10
26,0.1720842499758436,MAVEN,6510000.0,10gen_terran 10v10
27,0.1876673999806749,MAVEN,6760000.0,10gen_terran 10v10
28,0.20013391998453994,MAVEN,7010000.0,10gen_terran 10v10
29,0.22885713598763197,MAVEN,7260000.0,10gen_terran 10v10
30,0.21433570879010558,MAVEN,7510000.0,10gen_terran 10v10
31,0.17771856703208447,MAVEN,7760000.0,10gen_terran 10v10
32,0.2109248536256676,MAVEN,8010000.0,10gen_terran 10v10
33,0.2124898829005341,MAVEN,8260000.0,10gen_terran 10v10
34,0.2324919063204273,MAVEN,8510000.0,10gen_terran 10v10
35,0.22974352505634185,MAVEN,8760000.0,10gen_terran 10v10
36,0.2400448200450735,MAVEN,9010000.0,10gen_terran 10v10
37,0.2482858560360588,MAVEN,9260000.0,10gen_terran 10v10
38,0.24862868482884704,MAVEN,9510000.0,10gen_terran 10v10
39,0.24890294786307765,MAVEN,9760000.0,10gen_terran 10v10
0,0.0,MAVEN,10000.0,10gen_terran 10v10
1,0.0125,MAVEN,260000.0,10gen_terran 10v10
2,0.01625,MAVEN,510000.0,10gen_terran 10v10
3,0.013000000000000001,MAVEN,760000.0,10gen_terran 10v10
4,0.010400000000000001,MAVEN,1010000.0,10gen_terran 10v10
5,0.02082,MAVEN,1260000.0,10gen_terran 10v10
6,0.016656,MAVEN,1510000.0,10gen_terran 10v10
7,0.0320748,MAVEN,1760000.0,10gen_terran 10v10
8,0.06315984000000001,MAVEN,2010000.0,10gen_terran 10v10
9,0.06927787200000002,MAVEN,2260000.0,10gen_terran 10v10
10,0.08042229760000003,MAVEN,2510000.0,10gen_terran 10v10
11,0.10808783808000003,MAVEN,2760000.0,10gen_terran 10v10
12,0.136470270464,MAVEN,3010000.0,10gen_terran 10v10
13,0.1654262163712,MAVEN,3260000.0,10gen_terran 10v10
14,0.17609097309696,MAVEN,3510000.0,10gen_terran 10v10
15,0.165872778477568,MAVEN,3760000.0,10gen_terran 10v10
16,0.15769822278205442,MAVEN,4010000.0,10gen_terran 10v10
17,0.16365857822564356,MAVEN,4260000.0,10gen_terran 10v10
18,0.18717686258051486,MAVEN,4510000.0,10gen_terran 10v10
19,0.1872414900644119,MAVEN,4760000.0,10gen_terran 10v10
20,0.22479319205152953,MAVEN,5010000.0,10gen_terran 10v10
21,0.20483455364122363,MAVEN,5260000.0,10gen_terran 10v10
22,0.23261764291297893,MAVEN,5510000.0,10gen_terran 10v10
23,0.22984411433038315,MAVEN,5760000.0,10gen_terran 10v10
24,0.2651252914643065,MAVEN,6010000.0,10gen_terran 10v10
25,0.26835023317144524,MAVEN,6260000.0,10gen_terran 10v10
26,0.28343018653715624,MAVEN,6510000.0,10gen_terran 10v10
27,0.264244149229725,MAVEN,6760000.0,10gen_terran 10v10
28,0.26764531938378,MAVEN,7010000.0,10gen_terran 10v10
29,0.25161625550702404,MAVEN,7260000.0,10gen_terran 10v10
30,0.27004300440561924,MAVEN,7510000.0,10gen_terran 10v10
31,0.2722844035244954,MAVEN,7760000.0,10gen_terran 10v10
32,0.24282752281959633,MAVEN,8010000.0,10gen_terran 10v10
33,0.24426201825567706,MAVEN,8260000.0,10gen_terran 10v10
34,0.2641596146045416,MAVEN,8510000.0,10gen_terran 10v10
35,0.2863276916836333,MAVEN,8760000.0,10gen_terran 10v10
36,0.2853121533469067,MAVEN,9010000.0,10gen_terran 10v10
37,0.30949972267752535,MAVEN,9260000.0,10gen_terran 10v10
38,0.29759977814202027,MAVEN,9510000.0,10gen_terran 10v10
39,0.2943298225136162,MAVEN,9760000.0,10gen_terran 10v10
0,0.0,MAVEN,10000.0,10gen_terran 10v10
1,0.0,MAVEN,260000.0,10gen_terran 10v10
2,0.0,MAVEN,510000.0,10gen_terran 10v10
3,0.0125,MAVEN,760000.0,10gen_terran 10v10
4,0.010000000000000002,MAVEN,1010000.0,10gen_terran 10v10
5,0.020500000000000004,MAVEN,1260000.0,10gen_terran 10v10
6,0.03515000000000001,MAVEN,1510000.0,10gen_terran 10v10
7,0.06562000000000001,MAVEN,1760000.0,10gen_terran 10v10
8,0.06499600000000001,MAVEN,2010000.0,10gen_terran 10v10
9,0.0769968,MAVEN,2260000.0,10gen_terran 10v10
10,0.08659744,MAVEN,2510000.0,10gen_terran 10v10
11,0.088027952,MAVEN,2760000.0,10gen_terran 10v10
12,0.10792236160000002,MAVEN,3010000.0,10gen_terran 10v10
13,0.10508788928000003,MAVEN,3260000.0,10gen_terran 10v10
14,0.12157031142400003,MAVEN,3510000.0,10gen_terran 10v10
15,0.11600624913920003,MAVEN,3760000.0,10gen_terran 10v10
16,0.10530499931136003,MAVEN,4010000.0,10gen_terran 10v10
17,0.12799399944908804,MAVEN,4260000.0,10gen_terran 10v10
18,0.15239519955927044,MAVEN,4510000.0,10gen_terran 10v10
19,0.17191615964741636,MAVEN,4760000.0,10gen_terran 10v10
20,0.2000329277179331,MAVEN,5010000.0,10gen_terran 10v10
21,0.1912763421743465,MAVEN,5260000.0,10gen_terran 10v10
22,0.22177107373947721,MAVEN,5510000.0,10gen_terran 10v10
23,0.25866685899158176,MAVEN,5760000.0,10gen_terran 10v10
24,0.23193348719326543,MAVEN,6010000.0,10gen_terran 10v10
25,0.21054678975461236,MAVEN,6260000.0,10gen_terran 10v10
26,0.2496874318036899,MAVEN,6510000.0,10gen_terran 10v10
27,0.23724994544295194,MAVEN,6760000.0,10gen_terran 10v10
28,0.24604995635436155,MAVEN,7010000.0,10gen_terran 10v10
29,0.25308996508348924,MAVEN,7260000.0,10gen_terran 10v10
30,0.2337219720667914,MAVEN,7510000.0,10gen_terran 10v10
31,0.23072757765343316,MAVEN,7760000.0,10gen_terran 10v10
32,0.23458206212274652,MAVEN,8010000.0,10gen_terran 10v10
33,0.2564156496981972,MAVEN,8260000.0,10gen_terran 10v10
34,0.2551325197585578,MAVEN,8510000.0,10gen_terran 10v10
35,0.26660601580684623,MAVEN,8760000.0,10gen_terran 10v10
36,0.263284812645477,MAVEN,9010000.0,10gen_terran 10v10
37,0.2793778501163816,MAVEN,9260000.0,10gen_terran 10v10
38,0.3047522800931053,MAVEN,9510000.0,10gen_terran 10v10
39,0.29380182407448424,MAVEN,9760000.0,10gen_terran 10v10
0,0.0,MAVEN,10000.0,10gen_terran 10v10
1,0.0,MAVEN,260000.0,10gen_terran 10v10
2,0.0125,MAVEN,510000.0,10gen_terran 10v10
3,0.01625,MAVEN,760000.0,10gen_terran 10v10
4,0.013000000000000001,MAVEN,1010000.0,10gen_terran 10v10
5,0.022900000000000004,MAVEN,1260000.0,10gen_terran 10v10
6,0.043320000000000004,MAVEN,1510000.0,10gen_terran 10v10
7,0.065906,MAVEN,1760000.0,10gen_terran 10v10
8,0.05897480000000001,MAVEN,2010000.0,10gen_terran 10v10
9,0.09092984000000001,MAVEN,2260000.0,10gen_terran 10v10
10,0.09774387200000001,MAVEN,2510000.0,10gen_terran 10v10
11,0.10944509760000001,MAVEN,2760000.0,10gen_terran 10v10
12,0.14380607808,MAVEN,3010000.0,10gen_terran 10v10
13,0.14629486246400003,MAVEN,3260000.0,10gen_terran 10v10
14,0.17328588997120004,MAVEN,3510000.0,10gen_terran 10v10
15,0.16987871197696003,MAVEN,3760000.0,10gen_terran 10v10
16,0.18590296958156804,MAVEN,4010000.0,10gen_terran 10v10
17,0.18622237566525446,MAVEN,4260000.0,10gen_terran 10v10
18,0.1927279005322036,MAVEN,4510000.0,10gen_terran 10v10
19,0.1666823204257629,MAVEN,4760000.0,10gen_terran 10v10
20,0.15834585634061032,MAVEN,5010000.0,10gen_terran 10v10
21,0.16417668507248828,MAVEN,5260000.0,10gen_terran 10v10
22,0.17509134805799065,MAVEN,5510000.0,10gen_terran 10v10
23,0.18382307844639253,MAVEN,5760000.0,10gen_terran 10v10
24,0.20330846275711403,MAVEN,6010000.0,10gen_terran 10v10
25,0.23139677020569124,MAVEN,6260000.0,10gen_terran 10v10
26,0.235117416164553,MAVEN,6510000.0,10gen_terran 10v10
27,0.2568439329316424,MAVEN,6760000.0,10gen_terran 10v10
28,0.23047514634531394,MAVEN,7010000.0,10gen_terran 10v10
29,0.27188011707625115,MAVEN,7260000.0,10gen_terran 10v10
30,0.26125409366100094,MAVEN,7510000.0,10gen_terran 10v10
31,0.2652532749288008,MAVEN,7760000.0,10gen_terran 10v10
32,0.26220261994304067,MAVEN,8010000.0,10gen_terran 10v10
33,0.2722620959544325,MAVEN,8260000.0,10gen_terran 10v10
34,0.27405967676354603,MAVEN,8510000.0,10gen_terran 10v10
35,0.2817477414108368,MAVEN,8760000.0,10gen_terran 10v10
36,0.2753981931286695,MAVEN,9010000.0,10gen_terran 10v10
37,0.2765685545029356,MAVEN,9260000.0,10gen_terran 10v10
38,0.29000484360234846,MAVEN,9510000.0,10gen_terran 10v10
39,0.2820038748818788,MAVEN,9760000.0,10gen_terran 10v10
0,0.0,MAPPO,10000.0,10gen_terran 10v10
1,0.0,MAPPO,260000.0,10gen_terran 10v10
2,0.00625,MAPPO,510000.0,10gen_terran 10v10
3,0.011250000000000001,MAPPO,760000.0,10gen_terran 10v10
4,0.015250000000000001,MAPPO,1010000.0,10gen_terran 10v10
5,0.01845,MAPPO,1260000.0,10gen_terran 10v10
6,0.033510000000000005,MAPPO,1510000.0,10gen_terran 10v10
7,0.033058000000000004,MAPPO,1760000.0,10gen_terran 10v10
8,0.05769640000000001,MAPPO,2010000.0,10gen_terran 10v10
9,0.06490712000000001,MAPPO,2260000.0,10gen_terran 10v10
10,0.07067569600000001,MAPPO,2510000.0,10gen_terran 10v10
11,0.08154055680000001,MAPPO,2760000.0,10gen_terran 10v10
12,0.09023244544,MAPPO,3010000.0,10gen_terran 10v10
13,0.10343595635200001,MAPPO,3260000.0,10gen_terran 10v10
14,0.10149876508160001,MAPPO,3510000.0,10gen_terran 10v10
15,0.11869901206528002,MAPPO,3760000.0,10gen_terran 10v10
16,0.14495920965222403,MAPPO,4010000.0,10gen_terran 10v10
17,0.15971736772177925,MAPPO,4260000.0,10gen_terran 10v10
18,0.1840238941774234,MAPPO,4510000.0,10gen_terran 10v10
19,0.15971911534193875,MAPPO,4760000.0,10gen_terran 10v10
20,0.165275292273551,MAPPO,5010000.0,10gen_terran 10v10
21,0.16972023381884083,MAPPO,5260000.0,10gen_terran 10v10
22,0.19202618705507266,MAPPO,5510000.0,10gen_terran 10v10
23,0.20987094964405814,MAPPO,5760000.0,10gen_terran 10v10
24,0.21789675971524652,MAPPO,6010000.0,10gen_terran 10v10
25,0.24306740777219724,MAPPO,6260000.0,10gen_terran 10v10
26,0.23195392621775782,MAPPO,6510000.0,10gen_terran 10v10
27,0.24806314097420626,MAPPO,6760000.0,10gen_terran 10v10
28,0.229700512779365,MAPPO,7010000.0,10gen_terran 10v10
29,0.24626041022349202,MAPPO,7260000.0,10gen_terran 10v10
30,0.25950832817879366,MAPPO,7510000.0,10gen_terran 10v10
31,0.29510666254303497,MAPPO,7760000.0,10gen_terran 10v10
32,0.298585330034428,MAPPO,8010000.0,10gen_terran 10v10
33,0.3013682640275424,MAPPO,8260000.0,10gen_terran 10v10
34,0.29109461122203395,MAPPO,8510000.0,10gen_terran 10v10
35,0.3016256889776272,MAPPO,8760000.0,10gen_terran 10v10
36,0.2975505511821018,MAPPO,9010000.0,10gen_terran 10v10
37,0.30054044094568144,MAPPO,9260000.0,10gen_terran 10v10
38,0.34043235275654515,MAPPO,9510000.0,10gen_terran 10v10
39,0.33484588220523614,MAPPO,9760000.0,10gen_terran 10v10
0,0.0,MAPPO,10000.0,10gen_terran 10v10
1,0.025,MAPPO,260000.0,10gen_terran 10v10
2,0.020000000000000004,MAPPO,510000.0,10gen_terran 10v10
3,0.028500000000000004,MAPPO,760000.0,10gen_terran 10v10
4,0.022800000000000004,MAPPO,1010000.0,10gen_terran 10v10
5,0.04324,MAPPO,1260000.0,10gen_terran 10v10
6,0.04709200000000001,MAPPO,1510000.0,10gen_terran 10v10
7,0.08142360000000001,MAPPO,1760000.0,10gen_terran 10v10
8,0.10888888000000002,MAPPO,2010000.0,10gen_terran 10v10
9,0.13711110400000004,MAPPO,2260000.0,10gen_terran 10v10
10,0.15343888320000004,MAPPO,2510000.0,10gen_terran 10v10
11,0.14150110656000003,MAPPO,2760000.0,10gen_terran 10v10
12,0.14445088524800004,MAPPO,3010000.0,10gen_terran 10v10
13,0.19056070819840004,MAPPO,3260000.0,10gen_terran 10v10
14,0.19619856655872006,MAPPO,3510000.0,10gen_terran 10v10
15,0.21320885324697605,MAPPO,3760000.0,10gen_terran 10v10
16,0.19556708259758085,MAPPO,4010000.0,10gen_terran 10v10
17,0.2002036660780647,MAPPO,4260000.0,10gen_terran 10v10
18,0.21016293286245175,MAPPO,4510000.0,10gen_terran 10v10
19,0.18688034628996142,MAPPO,4760000.0,10gen_terran 10v10
20,0.18075427703196914,MAPPO,5010000.0,10gen_terran 10v10
21,0.18835342162557533,MAPPO,5260000.0,10gen_terran 10v10
22,0.1944327373004603,MAPPO,5510000.0,10gen_terran 10v10
23,0.19304618984036825,MAPPO,5760000.0,10gen_terran 10v10
24,0.19818695187229463,MAPPO,6010000.0,10gen_terran 10v10
25,0.23354956149783573,MAPPO,6260000.0,10gen_terran 10v10
26,0.2368396491982686,MAPPO,6510000.0,10gen_terran 10v10
27,0.2207217193586149,MAPPO,6760000.0,10gen_terran 10v10
28,0.22657737548689194,MAPPO,7010000.0,10gen_terran 10v10
29,0.21876190038951357,MAPPO,7260000.0,10gen_terran 10v10
30,0.24375952031161088,MAPPO,7510000.0,10gen_terran 10v10
31,0.2512576162492887,MAPPO,7760000.0,10gen_terran 10v10
32,0.244756092999431,MAPPO,8010000.0,10gen_terran 10v10
33,0.2583048743995448,MAPPO,8260000.0,10gen_terran 10v10
34,0.26914389951963585,MAPPO,8510000.0,10gen_terran 10v10
35,0.2778151196157087,MAPPO,8760000.0,10gen_terran 10v10
36,0.272252095692567,MAPPO,9010000.0,10gen_terran 10v10
37,0.2928016765540536,MAPPO,9260000.0,10gen_terran 10v10
38,0.2842413412432429,MAPPO,9510000.0,10gen_terran 10v10
39,0.2773930729945943,MAPPO,9760000.0,10gen_terran 10v10
0,0.0,HAPPO,10000.0,10gen_terran 10v10
1,0.0,HAPPO,260000.0,10gen_terran 10v10
2,0.0,HAPPO,510000.0,10gen_terran 10v10
3,0.018750000000000003,HAPPO,760000.0,10gen_terran 10v10
4,0.021250000000000005,HAPPO,1010000.0,10gen_terran 10v10
5,0.023250000000000007,HAPPO,1260000.0,10gen_terran 10v10
6,0.03735000000000001,HAPPO,1510000.0,10gen_terran 10v10
7,0.04238000000000001,HAPPO,1760000.0,10gen_terran 10v10
8,0.046404000000000015,HAPPO,2010000.0,10gen_terran 10v10
9,0.04962320000000002,HAPPO,2260000.0,10gen_terran 10v10
10,0.04594856000000002,HAPPO,2510000.0,10gen_terran 10v10
11,0.04925884800000002,HAPPO,2760000.0,10gen_terran 10v10
12,0.045657078400000016,HAPPO,3010000.0,10gen_terran 10v10
13,0.049025662720000016,HAPPO,3260000.0,10gen_terran 10v10
14,0.05797053017600002,HAPPO,3510000.0,10gen_terran 10v10
15,0.04637642414080002,HAPPO,3760000.0,10gen_terran 10v10
16,0.06835113931264002,HAPPO,4010000.0,10gen_terran 10v10
17,0.07968091145011202,HAPPO,4260000.0,10gen_terran 10v10
18,0.07624472916008962,HAPPO,4510000.0,10gen_terran 10v10
19,0.0734957833280717,HAPPO,4760000.0,10gen_terran 10v10
20,0.07129662666245737,HAPPO,5010000.0,10gen_terran 10v10
21,0.0882873013299659,HAPPO,5260000.0,10gen_terran 10v10
22,0.10812984106397273,HAPPO,5510000.0,10gen_terran 10v10
23,0.11150387285117819,HAPPO,5760000.0,10gen_terran 10v10
24,0.12045309828094256,HAPPO,6010000.0,10gen_terran 10v10
25,0.11511247862475406,HAPPO,6260000.0,10gen_terran 10v10
26,0.12958998289980325,HAPPO,6510000.0,10gen_terran 10v10
27,0.1349219863198426,HAPPO,6760000.0,10gen_terran 10v10
28,0.13293758905587408,HAPPO,7010000.0,10gen_terran 10v10
29,0.13135007124469927,HAPPO,7260000.0,10gen_terran 10v10
30,0.13633005699575942,HAPPO,7510000.0,10gen_terran 10v10
31,0.12156404559660754,HAPPO,7760000.0,10gen_terran 10v10
32,0.15350123647728603,HAPPO,8010000.0,10gen_terran 10v10
33,0.16030098918182883,HAPPO,8260000.0,10gen_terran 10v10
34,0.17824079134546306,HAPPO,8510000.0,10gen_terran 10v10
35,0.16759263307637046,HAPPO,8760000.0,10gen_terran 10v10
36,0.16532410646109638,HAPPO,9010000.0,10gen_terran 10v10
37,0.18225928516887713,HAPPO,9260000.0,10gen_terran 10v10
38,0.1833074281351017,HAPPO,9510000.0,10gen_terran 10v10
39,0.16539594250808137,HAPPO,9760000.0,10gen_terran 10v10
0,0.0,HAPPO,10000.0,10gen_terran 10v10
1,0.0,HAPPO,260000.0,10gen_terran 10v10
2,0.0125,HAPPO,510000.0,10gen_terran 10v10
3,0.010000000000000002,HAPPO,760000.0,10gen_terran 10v10
4,0.020500000000000004,HAPPO,1010000.0,10gen_terran 10v10
5,0.022650000000000003,HAPPO,1260000.0,10gen_terran 10v10
6,0.03687000000000001,HAPPO,1510000.0,10gen_terran 10v10
7,0.04824600000000001,HAPPO,1760000.0,10gen_terran 10v10
8,0.05734680000000002,HAPPO,2010000.0,10gen_terran 10v10
9,0.06462744000000002,HAPPO,2260000.0,10gen_terran 10v10
10,0.05170195200000002,HAPPO,2510000.0,10gen_terran 10v10
11,0.04761156160000002,HAPPO,2760000.0,10gen_terran 10v10
12,0.044339249280000013,HAPPO,3010000.0,10gen_terran 10v10
13,0.06047139942400001,HAPPO,3260000.0,10gen_terran 10v10
14,0.07962711953920001,HAPPO,3510000.0,10gen_terran 10v10
15,0.07620169563136,HAPPO,3760000.0,10gen_terran 10v10
16,0.09221135650508801,HAPPO,4010000.0,10gen_terran 10v10
17,0.0987690852040704,HAPPO,4260000.0,10gen_terran 10v10
18,0.1290152681632563,HAPPO,4510000.0,10gen_terran 10v10
19,0.13446221453060506,HAPPO,4760000.0,10gen_terran 10v10
20,0.14506977162448406,HAPPO,5010000.0,10gen_terran 10v10
21,0.14730581729958725,HAPPO,5260000.0,10gen_terran 10v10
22,0.1615946538396698,HAPPO,5510000.0,10gen_terran 10v10
23,0.16052572307173585,HAPPO,5760000.0,10gen_terran 10v10
24,0.1721705784573887,HAPPO,6010000.0,10gen_terran 10v10
25,0.16898646276591098,HAPPO,6260000.0,10gen_terran 10v10
26,0.1851891702127288,HAPPO,6510000.0,10gen_terran 10v10
27,0.16690133617018305,HAPPO,6760000.0,10gen_terran 10v10
28,0.14602106893614644,HAPPO,7010000.0,10gen_terran 10v10
29,0.12306685514891716,HAPPO,7260000.0,10gen_terran 10v10
30,0.15470348411913373,HAPPO,7510000.0,10gen_terran 10v10
31,0.14251278729530698,HAPPO,7760000.0,10gen_terran 10v10
32,0.13901022983624559,HAPPO,8010000.0,10gen_terran 10v10
33,0.1612081838689965,HAPPO,8260000.0,10gen_terran 10v10
34,0.1602165470951972,HAPPO,8510000.0,10gen_terran 10v10
35,0.13442323767615777,HAPPO,8760000.0,10gen_terran 10v10
36,0.15753859014092622,HAPPO,9010000.0,10gen_terran 10v10
37,0.144780872112741,HAPPO,9260000.0,10gen_terran 10v10
38,0.1345746976901928,HAPPO,9510000.0,10gen_terran 10v10
39,0.15140975815215427,HAPPO,9760000.0,10gen_terran 10v10
0,0.0,HAPPO,10000.0,10gen_terran 10v10
1,0.00625,HAPPO,260000.0,10gen_terran 10v10
2,0.005000000000000001,HAPPO,510000.0,10gen_terran 10v10
3,0.004000000000000001,HAPPO,760000.0,10gen_terran 10v10
4,0.015700000000000002,HAPPO,1010000.0,10gen_terran 10v10
5,0.03756,HAPPO,1260000.0,10gen_terran 10v10
6,0.030048000000000005,HAPPO,1510000.0,10gen_terran 10v10
7,0.036538400000000006,HAPPO,1760000.0,10gen_terran 10v10
8,0.03548072000000001,HAPPO,2010000.0,10gen_terran 10v10
9,0.03463457600000001,HAPPO,2260000.0,10gen_terran 10v10
10,0.0402076608,HAPPO,2510000.0,10gen_terran 10v10
11,0.04466612864000001,HAPPO,2760000.0,10gen_terran 10v10
12,0.04823290291200001,HAPPO,3010000.0,10gen_terran 10v10
13,0.06983632232960002,HAPPO,3260000.0,10gen_terran 10v10
14,0.06836905786368001,HAPPO,3510000.0,10gen_terran 10v10
15,0.09219524629094403,HAPPO,3760000.0,10gen_terran 10v10
16,0.08000619703275523,HAPPO,4010000.0,10gen_terran 10v10
17,0.10150495762620419,HAPPO,4260000.0,10gen_terran 10v10
18,0.09995396610096337,HAPPO,4510000.0,10gen_terran 10v10
19,0.0924631728807707,HAPPO,4760000.0,10gen_terran 10v10
20,0.10522053830461657,HAPPO,5010000.0,10gen_terran 10v10
21,0.11542643064369326,HAPPO,5260000.0,10gen_terran 10v10
22,0.12359114451495462,HAPPO,5510000.0,10gen_terran 10v10
23,0.1238729156119637,HAPPO,5760000.0,10gen_terran 10v10
24,0.12409833248957097,HAPPO,6010000.0,10gen_terran 10v10
25,0.1305286659916568,HAPPO,6260000.0,10gen_terran 10v10
26,0.12317293279332545,HAPPO,6510000.0,10gen_terran 10v10
27,0.12353834623466037,HAPPO,6760000.0,10gen_terran 10v10
28,0.1175806769877283,HAPPO,7010000.0,10gen_terran 10v10
29,0.15031454159018265,HAPPO,7260000.0,10gen_terran 10v10
30,0.13900163327214612,HAPPO,7510000.0,10gen_terran 10v10
31,0.1487013066177169,HAPPO,7760000.0,10gen_terran 10v10
32,0.15021104529417353,HAPPO,8010000.0,10gen_terran 10v10
33,0.15766883623533884,HAPPO,8260000.0,10gen_terran 10v10
34,0.17613506898827108,HAPPO,8510000.0,10gen_terran 10v10
35,0.17840805519061687,HAPPO,8760000.0,10gen_terran 10v10
36,0.1802264441524935,HAPPO,9010000.0,10gen_terran 10v10
37,0.1754311553219948,HAPPO,9260000.0,10gen_terran 10v10
38,0.19034492425759586,HAPPO,9510000.0,10gen_terran 10v10
39,0.1585259394060767,HAPPO,9760000.0,10gen_terran 10v10
0,0.0,HAPPO,10000.0,10gen_terran 10v10
1,0.0,HAPPO,260000.0,10gen_terran 10v10
2,0.018750000000000003,HAPPO,510000.0,10gen_terran 10v10
3,0.021250000000000005,HAPPO,760000.0,10gen_terran 10v10
4,0.029500000000000005,HAPPO,1010000.0,10gen_terran 10v10
5,0.03610000000000001,HAPPO,1260000.0,10gen_terran 10v10
6,0.04138000000000001,HAPPO,1510000.0,10gen_terran 10v10
7,0.045604000000000006,HAPPO,1760000.0,10gen_terran 10v10
8,0.042733200000000006,HAPPO,2010000.0,10gen_terran 10v10
9,0.034186560000000005,HAPPO,2260000.0,10gen_terran 10v10
10,0.039849248000000004,HAPPO,2510000.0,10gen_terran 10v10
11,0.044379398400000006,HAPPO,2760000.0,10gen_terran 10v10
12,0.05425351872000001,HAPPO,3010000.0,10gen_terran 10v10
13,0.06215281497600002,HAPPO,3260000.0,10gen_terran 10v10
14,0.06847225198080002,HAPPO,3510000.0,10gen_terran 10v10
15,0.08602780158464002,HAPPO,3760000.0,10gen_terran 10v10
16,0.08757224126771201,HAPPO,4010000.0,10gen_terran 10v10
17,0.08880779301416962,HAPPO,4260000.0,10gen_terran 10v10
18,0.0960462344113357,HAPPO,4510000.0,10gen_terran 10v10
19,0.11433698752906857,HAPPO,4760000.0,10gen_terran 10v10
20,0.10396959002325486,HAPPO,5010000.0,10gen_terran 10v10
21,0.08317567201860389,HAPPO,5260000.0,10gen_terran 10v10
22,0.09779053761488311,HAPPO,5510000.0,10gen_terran 10v10
23,0.1344824300919065,HAPPO,5760000.0,10gen_terran 10v10
24,0.1325859440735252,HAPPO,6010000.0,10gen_terran 10v10
25,0.12481875525882016,HAPPO,6260000.0,10gen_terran 10v10
26,0.11235500420705613,HAPPO,6510000.0,10gen_terran 10v10
27,0.12113400336564491,HAPPO,6760000.0,10gen_terran 10v10
28,0.12190720269251593,HAPPO,7010000.0,10gen_terran 10v10
29,0.11627576215401275,HAPPO,7260000.0,10gen_terran 10v10
30,0.1117706097232102,HAPPO,7510000.0,10gen_terran 10v10
31,0.09566648777856818,HAPPO,7760000.0,10gen_terran 10v10
32,0.13278319022285454,HAPPO,8010000.0,10gen_terran 10v10
33,0.13747655217828364,HAPPO,8260000.0,10gen_terran 10v10
34,0.1412312417426269,HAPPO,8510000.0,10gen_terran 10v10
35,0.15048499339410154,HAPPO,8760000.0,10gen_terran 10v10
36,0.14538799471528124,HAPPO,9010000.0,10gen_terran 10v10
37,0.17881039577222502,HAPPO,9260000.0,10gen_terran 10v10
38,0.16804831661778002,HAPPO,9510000.0,10gen_terran 10v10
39,0.15943865329422402,HAPPO,9760000.0,10gen_terran 10v10
0,0.0,MAPPO,10000.0,10gen_terran 10v10
1,0.00625,MAPPO,260000.0,10gen_terran 10v10
2,0.011250000000000001,MAPPO,510000.0,10gen_terran 10v10
3,0.015250000000000001,MAPPO,760000.0,10gen_terran 10v10
4,0.01845,MAPPO,1010000.0,10gen_terran 10v10
5,0.014760000000000002,MAPPO,1260000.0,10gen_terran 10v10
6,0.018058000000000005,MAPPO,1510000.0,10gen_terran 10v10
7,0.039446400000000006,MAPPO,1760000.0,10gen_terran 10v10
8,0.06280712000000001,MAPPO,2010000.0,10gen_terran 10v10
9,0.056495696000000005,MAPPO,2260000.0,10gen_terran 10v10
10,0.0701965568,MAPPO,2510000.0,10gen_terran 10v10
11,0.08115724544,MAPPO,2760000.0,10gen_terran 10v10
12,0.08992579635200001,MAPPO,3010000.0,10gen_terran 10v10
13,0.10944063708160003,MAPPO,3260000.0,10gen_terran 10v10
14,0.13755250966528004,MAPPO,3510000.0,10gen_terran 10v10
15,0.14129200773222406,MAPPO,3760000.0,10gen_terran 10v10
16,0.13803360618577926,MAPPO,4010000.0,10gen_terran 10v10
17,0.1479268849486234,MAPPO,4260000.0,10gen_terran 10v10
18,0.16834150795889874,MAPPO,4510000.0,10gen_terran 10v10
19,0.178423206367119,MAPPO,4760000.0,10gen_terran 10v10
20,0.1927385650936952,MAPPO,5010000.0,10gen_terran 10v10
21,0.22294085207495618,MAPPO,5260000.0,10gen_terran 10v10
22,0.21585268165996496,MAPPO,5510000.0,10gen_terran 10v10
23,0.210182145327972,MAPPO,5760000.0,10gen_terran 10v10
24,0.23064571626237762,MAPPO,6010000.0,10gen_terran 10v10
25,0.2282665730099021,MAPPO,6260000.0,10gen_terran 10v10
26,0.2076132584079217,MAPPO,6510000.0,10gen_terran 10v10
27,0.19734060672633735,MAPPO,6760000.0,10gen_terran 10v10
28,0.1828724853810699,MAPPO,7010000.0,10gen_terran 10v10
29,0.18379798830485594,MAPPO,7260000.0,10gen_terran 10v10
30,0.20953839064388477,MAPPO,7510000.0,10gen_terran 10v10
31,0.24263071251510784,MAPPO,7760000.0,10gen_terran 10v10
32,0.2441045700120863,MAPPO,8010000.0,10gen_terran 10v10
33,0.23903365600966905,MAPPO,8260000.0,10gen_terran 10v10
34,0.22247692480773526,MAPPO,8510000.0,10gen_terran 10v10
35,0.23423153984618822,MAPPO,8760000.0,10gen_terran 10v10
36,0.24363523187695058,MAPPO,9010000.0,10gen_terran 10v10
37,0.2699081855015605,MAPPO,9260000.0,10gen_terran 10v10
38,0.27842654840124836,MAPPO,9510000.0,10gen_terran 10v10
39,0.2664912387209987,MAPPO,9760000.0,10gen_terran 10v10
0,0.0,MAPPO,10000.0,10gen_terran 10v10
1,0.0,MAPPO,260000.0,10gen_terran 10v10
2,0.0125,MAPPO,510000.0,10gen_terran 10v10
3,0.010000000000000002,MAPPO,760000.0,10gen_terran 10v10
4,0.014250000000000002,MAPPO,1010000.0,10gen_terran 10v10
5,0.011400000000000002,MAPPO,1260000.0,10gen_terran 10v10
6,0.009120000000000001,MAPPO,1510000.0,10gen_terran 10v10
7,0.026046000000000003,MAPPO,1760000.0,10gen_terran 10v10
8,0.0333368,MAPPO,2010000.0,10gen_terran 10v10
9,0.05791944,MAPPO,2260000.0,10gen_terran 10v10
10,0.046335552,MAPPO,2510000.0,10gen_terran 10v10
11,0.0933184416,MAPPO,2760000.0,10gen_terran 10v10
12,0.09965475328000001,MAPPO,3010000.0,10gen_terran 10v10
13,0.13597380262400002,MAPPO,3260000.0,10gen_terran 10v10
14,0.14627904209920004,MAPPO,3510000.0,10gen_terran 10v10
15,0.17327323367936004,MAPPO,3760000.0,10gen_terran 10v10
16,0.16986858694348803,MAPPO,4010000.0,10gen_terran 10v10
17,0.18589486955479045,MAPPO,4260000.0,10gen_terran 10v10
18,0.19246589564383237,MAPPO,4510000.0,10gen_terran 10v10
19,0.20397271651506593,MAPPO,4760000.0,10gen_terran 10v10
20,0.19442817321205275,MAPPO,5010000.0,10gen_terran 10v10
21,0.1930425385696422,MAPPO,5260000.0,10gen_terran 10v10
22,0.21693403085571378,MAPPO,5510000.0,10gen_terran 10v10
23,0.21729722468457105,MAPPO,5760000.0,10gen_terran 10v10
24,0.19883777974765685,MAPPO,6010000.0,10gen_terran 10v10
25,0.2090702237981255,MAPPO,6260000.0,10gen_terran 10v10
26,0.21725617903850042,MAPPO,6510000.0,10gen_terran 10v10
27,0.23005494323080034,MAPPO,6760000.0,10gen_terran 10v10
28,0.2715439545846403,MAPPO,7010000.0,10gen_terran 10v10
29,0.27348516366771225,MAPPO,7260000.0,10gen_terran 10v10
30,0.3125381309341698,MAPPO,7510000.0,10gen_terran 10v10
31,0.30628050474733587,MAPPO,7760000.0,10gen_terran 10v10
32,0.3137744037978687,MAPPO,8010000.0,10gen_terran 10v10
33,0.288519523038295,MAPPO,8260000.0,10gen_terran 10v10
34,0.255815618430636,MAPPO,8510000.0,10gen_terran 10v10
35,0.24840249474450882,MAPPO,8760000.0,10gen_terran 10v10
36,0.2549719957956071,MAPPO,9010000.0,10gen_terran 10v10
37,0.25397759663648567,MAPPO,9260000.0,10gen_terran 10v10
38,0.2656820773091886,MAPPO,9510000.0,10gen_terran 10v10
39,0.2812956618473509,MAPPO,9760000.0,10gen_terran 10v10
0,0.0,MAPPO,10000.0,10gen_terran 10v10
1,0.00625,MAPPO,260000.0,10gen_terran 10v10
2,0.0175,MAPPO,510000.0,10gen_terran 10v10
3,0.020250000000000004,MAPPO,760000.0,10gen_terran 10v10
4,0.028700000000000003,MAPPO,1010000.0,10gen_terran 10v10
5,0.04171000000000001,MAPPO,1260000.0,10gen_terran 10v10
6,0.045868000000000006,MAPPO,1510000.0,10gen_terran 10v10
7,0.06169440000000001,MAPPO,1760000.0,10gen_terran 10v10
8,0.06185552000000001,MAPPO,2010000.0,10gen_terran 10v10
9,0.080734416,MAPPO,2260000.0,10gen_terran 10v10
10,0.1020875328,MAPPO,2510000.0,10gen_terran 10v10
11,0.08792002624000002,MAPPO,2760000.0,10gen_terran 10v10
12,0.08908602099200003,MAPPO,3010000.0,10gen_terran 10v10
13,0.09626881679360003,MAPPO,3260000.0,10gen_terran 10v10
14,0.10826505343488002,MAPPO,3510000.0,10gen_terran 10v10
15,0.11786204274790402,MAPPO,3760000.0,10gen_terran 10v10
16,0.1380396341983232,MAPPO,4010000.0,10gen_terran 10v10
17,0.16043170735865858,MAPPO,4260000.0,10gen_terran 10v10
18,0.1783453658869269,MAPPO,4510000.0,10gen_terran 10v10
19,0.18642629270954153,MAPPO,4760000.0,10gen_terran 10v10
20,0.19914103416763324,MAPPO,5010000.0,10gen_terran 10v10
21,0.1968128273341066,MAPPO,5260000.0,10gen_terran 10v10
22,0.2012002618672853,MAPPO,5510000.0,10gen_terran 10v10
23,0.19846020949382825,MAPPO,5760000.0,10gen_terran 10v10
24,0.19626816759506263,MAPPO,6010000.0,10gen_terran 10v10
25,0.20076453407605013,MAPPO,6260000.0,10gen_terran 10v10
26,0.1981116272608401,MAPPO,6510000.0,10gen_terran 10v10
27,0.1834893018086721,MAPPO,6760000.0,10gen_terran 10v10
28,0.18429144144693768,MAPPO,7010000.0,10gen_terran 10v10
29,0.19118315315755016,MAPPO,7260000.0,10gen_terran 10v10
30,0.19044652252604014,MAPPO,7510000.0,10gen_terran 10v10
31,0.19610721802083214,MAPPO,7760000.0,10gen_terran 10v10
32,0.21313577441666573,MAPPO,8010000.0,10gen_terran 10v10
33,0.2267586195333326,MAPPO,8260000.0,10gen_terran 10v10
34,0.2626568956266661,MAPPO,8510000.0,10gen_terran 10v10
35,0.2538755165013329,MAPPO,8760000.0,10gen_terran 10v10
36,0.2781004132010663,MAPPO,9010000.0,10gen_terran 10v10
37,0.29123033056085307,MAPPO,9260000.0,10gen_terran 10v10
38,0.2892342644486825,MAPPO,9510000.0,10gen_terran 10v10
39,0.29388741155894604,MAPPO,9760000.0,10gen_terran 10v10
